user_id,item_id,score
1,svc-xfer-02,1
1,dest-0053,2
1,svc-act-09,3
1,dest-0059,2
1,svc-act-07,1
2,svc-cruise-04,3
2,svc-act-10,1
2,svc-cruise-02,1
2,svc-hotel-02,1
3,svc-act-02,4
3,dest-0016,1
3,svc-act-02,4
3,dest-0031,1
3,dest-0030,1
3,svc-xfer-03,2
3,svc-pkg-04,3
3,svc-hotel-02,1
3,dest-0005,3
3,svc-pkg-03,2
3,dest-0047,2
4,svc-cruise-01,2
4,svc-act-06,2
4,svc-cruise-03,5
5,dest-0022,2
5,dest-0008,2
5,dest-0016,1
6,svc-cruise-02,1
6,svc-act-08,1
6,dest-0027,2
6,dest-0044,1
6,dest-0059,1
6,dest-0055,3
6,svc-cruise-01,1
6,svc-cruise-03,1
6,svc-hotel-08,3
6,svc-cruise-04,1
6,svc-hotel-06,3
6,dest-0029,1
6,svc-hotel-01,3
6,svc-hotel-01,3
6,svc-pkg-05,1
6,svc-hotel-04,1
6,dest-0018,2
6,svc-cruise-01,3
6,svc-act-10,3
6,dest-0012,1
6,dest-0017,3
6,svc-hotel-08,2
6,svc-hotel-01,3
6,svc-act-08,3
6,svc-hotel-06,3
6,svc-pkg-05,2
6,svc-cruise-04,2
6,dest-0036,3
6,svc-hotel-04,2
6,svc-cruise-01,2
6,svc-act-03,3
6,svc-cruise-01,3
6,svc-hotel-06,2
6,dest-0036,1
6,dest-0027,1
6,dest-0054,3
6,svc-act-01,3
6,svc-act-03,4
6,svc-hotel-01,4
6,dest-0005,1
7,svc-act-08,4
7,svc-xfer-03,2
7,svc-act-08,4
7,dest-0056,1
7,svc-act-06,1
7,svc-pkg-05,3
7,svc-pkg-05,3
7,svc-pkg-05,4
8,svc-act-07,2
8,svc-xfer-03,3
8,svc-hotel-04,2
8,svc-act-04,1
9,svc-pkg-02,4
9,dest-0040,1
9,dest-0047,2
10,dest-0016,1
10,svc-hotel-02,1
10,dest-0030,1
10,svc-hotel-01,3
10,svc-cruise-01,2
10,svc-hotel-01,1
11,svc-act-05,1
11,svc-pkg-06,1
11,svc-hotel-03,2
11,dest-0027,1
11,dest-0040,1
11,dest-0055,2
12,dest-0016,2
12,dest-0057,1
12,svc-hotel-02,2
12,dest-0013,3
12,dest-0042,1
13,svc-hotel-03,4
13,dest-0048,3
13,svc-act-02,1
13,svc-cruise-01,1
13,svc-act-09,2
13,svc-hotel-01,3
13,svc-pkg-02,2
13,svc-cruise-04,1
13,svc-act-05,2
13,svc-cruise-02,1
14,svc-act-02,3
14,svc-pkg-04,4
14,dest-0046,2
15,svc-hotel-07,2
15,svc-cruise-04,1
15,svc-cruise-03,3
16,svc-act-07,2
16,dest-0059,2
16,svc-act-10,2
16,svc-act-01,3
16,svc-xfer-02,1
16,dest-0023,1
16,svc-pkg-06,2
16,svc-hotel-06,3
17,svc-act-06,1
17,svc-act-10,3
17,dest-0022,1
17,dest-0014,2
17,svc-act-09,2
18,svc-act-06,3
18,svc-act-08,2
18,svc-act-10,1
18,dest-0046,2
18,dest-0049,3
18,svc-act-09,1
18,svc-pkg-01,2
18,dest-0038,2
18,dest-0057,1
18,svc-act-06,1
18,dest-0035,2
18,svc-act-01,3
18,svc-pkg-06,4
18,dest-0008,1
19,svc-hotel-01,1
19,svc-act-05,1
19,svc-act-07,2
19,svc-pkg-02,5
19,svc-act-06,1
19,svc-act-10,3
19,svc-act-01,1
19,dest-0012,1
19,svc-act-02,2
19,svc-hotel-02,3
19,svc-hotel-03,4
20,svc-hotel-01,4
20,dest-0052,1
20,svc-hotel-06,2
20,svc-hotel-07,2
21,dest-0006,1
21,svc-xfer-03,2
21,svc-hotel-08,1
22,dest-0057,1
22,svc-pkg-03,2
22,svc-act-09,2
22,svc-pkg-02,3
22,svc-cruise-02,2
23,dest-0020,2
23,dest-0056,1
23,svc-pkg-04,3
23,svc-xfer-02,2
23,svc-act-02,4
23,dest-0039,3
23,svc-xfer-03,3
24,svc-act-02,1
24,svc-act-09,1
24,svc-hotel-06,3
25,svc-act-07,1
25,svc-hotel-01,1
25,dest-0044,2
25,svc-pkg-02,1
25,svc-xfer-02,2
25,dest-0020,1
25,svc-hotel-02,2
25,dest-0055,1
25,svc-act-05,2
25,svc-act-03,1
25,svc-act-05,2
25,dest-0053,1
26,dest-0035,2
26,svc-hotel-05,2
26,svc-pkg-05,2
26,dest-0060,1
27,svc-cruise-01,2
27,svc-hotel-06,1
27,svc-pkg-06,2
27,svc-pkg-05,3
27,svc-cruise-01,3
27,svc-cruise-01,3
28,dest-0043,2
28,dest-0002,1
28,svc-act-09,1
28,svc-cruise-03,2
28,svc-cruise-02,1
29,svc-act-08,5
29,svc-pkg-05,4
29,svc-hotel-08,2
29,svc-hotel-01,2
29,svc-pkg-03,3
29,svc-act-08,5
29,dest-0008,3
29,svc-hotel-08,2
29,svc-hotel-02,2
29,svc-act-08,5
29,dest-0024,3
29,svc-xfer-03,1
29,dest-0044,3
29,svc-xfer-03,2
30,dest-0024,2
30,svc-act-05,4
30,svc-pkg-06,4
30,dest-0029,2
31,svc-cruise-02,2
31,dest-0015,1
31,svc-cruise-04,2
31,svc-xfer-01,1
31,svc-hotel-02,1
31,svc-cruise-04,3
31,dest-0041,1
31,svc-act-04,1
31,svc-act-02,2
31,svc-cruise-02,3
31,svc-cruise-01,5
31,svc-cruise-03,3
31,svc-hotel-08,3
31,svc-cruise-04,2
31,svc-act-10,1
31,svc-act-01,2
31,svc-xfer-03,1
31,svc-act-08,1
31,svc-xfer-02,2
31,svc-cruise-01,4
31,dest-0045,1
31,dest-0057,2
31,svc-xfer-02,3
31,svc-cruise-04,3
31,svc-act-07,2
31,dest-0044,3
31,svc-act-09,2
31,dest-0023,3
31,dest-0014,3
31,svc-act-03,2
31,svc-cruise-01,5
32,dest-0019,1
32,svc-pkg-02,2
32,svc-hotel-08,3
33,svc-act-09,2
33,dest-0024,1
33,svc-hotel-02,1
33,svc-pkg-04,2
33,dest-0004,1
33,svc-act-03,5
33,dest-0029,2
33,dest-0059,1
33,dest-0032,2
34,svc-cruise-03,1
34,svc-hotel-07,1
34,svc-hotel-06,2
35,svc-hotel-03,2
35,svc-hotel-03,3
35,svc-hotel-03,2
36,svc-hotel-04,3
36,dest-0009,2
36,svc-act-06,2
36,svc-act-04,3
36,svc-hotel-04,1
36,dest-0049,3
36,svc-cruise-01,2
36,svc-hotel-03,3
36,dest-0008,2
37,svc-act-06,2
37,svc-cruise-04,2
37,svc-cruise-04,3
37,dest-0009,2
37,svc-cruise-03,1
37,svc-cruise-01,3
37,svc-cruise-04,4
38,dest-0049,2
38,svc-pkg-03,3
38,svc-act-04,3
38,svc-cruise-01,2
38,svc-cruise-01,2
38,dest-0038,1
38,dest-0005,1
39,dest-0003,2
39,svc-xfer-01,1
39,svc-xfer-01,2
39,svc-pkg-05,2
39,svc-act-07,1
39,dest-0057,1
39,svc-act-01,2
39,svc-xfer-03,3
39,svc-pkg-05,5
39,svc-hotel-03,2
39,svc-act-08,5
39,svc-hotel-02,2
39,dest-0037,2
39,svc-act-08,5
39,svc-pkg-06,1
39,svc-act-02,2
39,svc-act-02,3
39,svc-hotel-05,1
39,svc-act-10,2
39,svc-hotel-08,3
39,svc-hotel-08,3
39,svc-hotel-08,3
39,svc-hotel-01,2
39,dest-0055,1
39,svc-act-03,2
40,svc-cruise-02,1
40,svc-cruise-03,3
40,svc-cruise-03,2
40,svc-act-01,2
41,svc-hotel-05,3
41,dest-0055,1
41,dest-0018,1
41,svc-hotel-02,3
41,dest-0001,2
41,svc-act-10,1
41,svc-hotel-02,2
41,svc-pkg-06,2
41,dest-0024,1
41,svc-act-03,2
41,dest-0049,2
41,svc-act-07,1
41,dest-0006,1
41,svc-act-06,2
41,svc-pkg-01,1
41,svc-hotel-01,3
41,svc-act-02,1
41,dest-0021,2
41,svc-pkg-02,1
41,dest-0047,3
41,dest-0013,1
41,svc-act-03,1
41,dest-0029,1
41,svc-act-09,1
41,dest-0044,3
41,dest-0011,2
41,dest-0003,2
41,dest-0034,2
41,svc-hotel-01,1
41,dest-0045,1
41,dest-0051,1
41,svc-xfer-02,2
41,dest-0054,1
41,svc-xfer-02,2
41,dest-0013,2
41,svc-hotel-03,4
41,svc-act-06,1
41,svc-hotel-05,5
41,svc-act-08,3
41,dest-0039,1
42,svc-act-06,1
42,svc-act-03,2
42,svc-pkg-03,1
42,dest-0025,1
42,svc-hotel-06,2
42,dest-0018,3
42,svc-pkg-02,4
42,dest-0048,2
42,svc-act-03,1
42,svc-act-09,2
42,svc-act-04,2
42,svc-hotel-03,4
42,svc-xfer-02,1
42,svc-hotel-04,1
42,svc-hotel-04,2
42,svc-hotel-02,1
42,svc-pkg-02,4
42,svc-act-05,2
42,svc-hotel-06,3
42,svc-act-04,2
42,svc-pkg-02,5
42,svc-pkg-04,1
42,dest-0008,3
42,svc-xfer-01,2
42,svc-act-08,1
42,svc-act-09,2
42,svc-pkg-02,5
42,svc-pkg-03,2
42,svc-xfer-01,2
42,dest-0036,1
42,dest-0019,3
42,svc-pkg-04,3
42,svc-hotel-01,3
42,svc-hotel-03,3
42,dest-0032,2
42,svc-hotel-01,3
43,svc-hotel-06,1
43,dest-0007,3
43,svc-hotel-03,2
43,dest-0029,1
43,dest-0025,1
43,dest-0014,1
43,svc-hotel-03,1
43,dest-0051,4
43,dest-0050,3
43,dest-0049,2
43,dest-0011,1
43,svc-act-09,1
43,dest-0014,2
43,svc-hotel-03,3
43,svc-act-10,3
43,svc-hotel-05,1
43,svc-pkg-03,1
43,dest-0015,1
43,dest-0057,2
43,dest-0020,1
43,dest-0026,3
43,svc-cruise-01,2
43,svc-act-04,4
43,dest-0038,3
43,svc-hotel-07,1
43,dest-0018,2
43,dest-0048,3
43,dest-0013,1
43,svc-pkg-04,1
43,svc-act-05,1
43,svc-hotel-04,1
43,svc-act-06,2
43,svc-hotel-07,3
44,svc-cruise-03,2
44,svc-cruise-02,2
44,svc-cruise-01,3
44,svc-cruise-04,4
44,svc-act-04,1
44,svc-hotel-05,3
45,dest-0001,3
45,dest-0042,2
45,svc-hotel-05,2
45,svc-act-01,2
46,svc-act-09,3
46,svc-act-01,3
46,svc-act-10,2
46,dest-0001,3
46,dest-0017,1
46,dest-0028,1
46,svc-act-05,2
46,svc-xfer-02,1
46,svc-act-06,1
46,dest-0021,2
46,dest-0026,2
46,dest-0054,3
46,svc-hotel-04,3
46,dest-0022,1
46,svc-act-02,3
46,dest-0060,3
46,svc-hotel-02,2
46,dest-0046,1
46,svc-xfer-01,2
46,svc-pkg-02,1
46,dest-0019,2
46,svc-hotel-06,2
46,svc-act-05,5
46,svc-act-06,2
46,svc-pkg-06,2
46,svc-hotel-04,2
46,svc-hotel-04,1
46,dest-0009,1
46,dest-0051,1
46,dest-0055,2
46,svc-act-06,2
46,svc-pkg-06,3
46,dest-0025,1
46,svc-xfer-03,2
46,dest-0047,1
46,dest-0044,3
46,dest-0018,2
46,svc-act-04,2
46,dest-0055,1
46,dest-0032,3
46,svc-act-05,4
47,svc-hotel-02,2
47,svc-cruise-04,2
47,svc-act-03,1
48,svc-hotel-01,2
48,dest-0032,1
48,svc-pkg-05,3
48,svc-xfer-03,2
48,dest-0034,2
48,svc-act-08,3
48,dest-0005,1
48,svc-xfer-01,1
48,svc-hotel-01,2
48,dest-0052,1
48,dest-0012,1
48,svc-act-01,3
48,dest-0015,2
48,svc-pkg-05,2
48,svc-act-08,4
48,dest-0039,2
48,dest-0015,1
48,dest-0002,1
48,dest-0046,2
48,svc-pkg-06,1
48,dest-0058,2
49,dest-0023,3
49,svc-xfer-03,1
49,svc-hotel-04,3
49,dest-0054,2
49,svc-act-04,2
49,svc-pkg-04,1
49,dest-0049,2
49,dest-0035,2
49,svc-xfer-01,1
49,svc-pkg-06,3
49,svc-act-05,3
49,dest-0050,1
49,dest-0003,1
49,svc-pkg-06,3
49,dest-0038,3
49,dest-0034,1
49,dest-0020,2
50,dest-0053,1
50,dest-0050,1
50,svc-hotel-04,3
50,svc-pkg-06,3
50,dest-0023,1
50,dest-0018,2
50,svc-act-06,2
51,svc-pkg-05,3
51,dest-0029,2
51,dest-0014,2
51,svc-hotel-06,4
51,dest-0027,1
51,dest-0053,3
51,dest-0004,3
51,dest-0013,3
51,dest-0040,1
51,svc-hotel-03,3
51,svc-hotel-03,5
51,dest-0004,2
51,svc-act-04,2
52,dest-0026,3
52,svc-cruise-02,1
52,svc-hotel-03,3
52,svc-hotel-04,2
52,dest-0032,3
52,dest-0029,1
52,svc-act-04,3
52,svc-hotel-08,3
52,svc-hotel-03,2
52,svc-hotel-03,3
52,svc-act-04,4
52,dest-0047,2
52,svc-cruise-01,1
52,svc-act-10,1
52,svc-act-02,1
52,dest-0048,2
52,svc-hotel-01,2
52,dest-0014,3
52,dest-0014,2
52,svc-cruise-01,3
52,dest-0013,3
52,dest-0026,1
52,dest-0013,2
52,svc-hotel-05,3
52,svc-hotel-07,1
52,dest-0030,1
52,dest-0010,2
52,dest-0036,2
52,svc-hotel-05,2
52,svc-act-03,1
52,dest-0060,3
52,svc-hotel-01,1
52,dest-0051,2
52,dest-0006,1
52,svc-act-04,4
52,svc-hotel-03,1
52,svc-hotel-06,3
53,svc-hotel-03,4
53,svc-act-10,3
53,svc-cruise-02,2
53,svc-cruise-03,3
54,svc-act-08,2
54,dest-0058,1
54,svc-act-01,2
54,dest-0049,2
54,svc-pkg-04,2
54,dest-0016,3
54,dest-0055,2
54,svc-act-03,4
54,svc-act-09,3
54,dest-0002,2
54,dest-0057,1
54,svc-pkg-06,2
54,svc-pkg-01,1
54,svc-hotel-07,1
54,dest-0055,1
54,svc-act-09,3
54,svc-hotel-06,1
54,svc-act-06,2
54,svc-act-07,3
55,svc-hotel-02,1
55,dest-0059,1
55,svc-act-03,5
55,svc-act-09,1
55,svc-act-03,5
55,svc-act-07,1
55,svc-xfer-03,1
55,svc-act-09,2
55,dest-0036,3
56,svc-pkg-06,1
56,svc-act-08,5
56,svc-pkg-05,3
56,svc-pkg-05,3
56,dest-0026,2
56,svc-hotel-08,2
56,svc-act-08,5
56,dest-0036,3
56,dest-0024,2
56,dest-0013,3
56,svc-hotel-06,2
56,dest-0057,1
56,dest-0015,1
56,dest-0055,1
56,svc-act-09,1
56,svc-act-07,3
56,svc-act-08,5
56,svc-hotel-01,1
56,svc-xfer-01,1
56,svc-xfer-01,2
56,dest-0036,1
56,svc-hotel-08,3
56,svc-hotel-04,1
56,dest-0041,3
56,dest-0043,1
56,svc-pkg-05,2
56,svc-hotel-01,2
56,svc-pkg-05,3
56,dest-0060,1
56,svc-xfer-03,2
56,svc-pkg-03,1
56,svc-hotel-08,2
56,dest-0051,3
56,dest-0019,1
56,svc-act-04,3
56,svc-act-01,2
56,dest-0059,2
56,dest-0040,2
56,dest-0025,1
56,dest-0007,2
56,svc-hotel-01,2
57,dest-0047,2
57,dest-0013,2
57,svc-act-05,1
57,svc-hotel-03,3
57,svc-act-04,3
57,dest-0035,2
57,svc-hotel-03,4
58,svc-cruise-01,1
58,svc-cruise-04,4
58,svc-cruise-03,2
58,svc-cruise-02,3
58,svc-cruise-04,3
58,svc-act-01,2
58,svc-cruise-03,2
59,svc-act-09,1
59,svc-act-05,3
59,svc-act-05,1
59,svc-act-06,2
59,dest-0005,2
59,svc-act-02,5
59,dest-0023,3
59,svc-pkg-04,5
59,dest-0030,2
59,svc-pkg-04,3
59,svc-xfer-03,1
59,svc-pkg-03,3
59,svc-act-09,3
59,svc-xfer-02,1
59,dest-0017,1
59,dest-0010,1
59,svc-act-08,3
59,svc-hotel-06,2
59,svc-act-05,2
59,svc-hotel-03,1
59,svc-act-02,3
59,svc-xfer-03,2
59,svc-act-01,2
59,svc-act-03,1
59,dest-0033,2
59,svc-act-02,4
59,dest-0019,2
60,svc-act-10,3
60,svc-cruise-03,1
60,dest-0040,1
60,svc-cruise-01,4
60,svc-cruise-02,2
60,svc-cruise-01,5
60,svc-act-02,1
60,dest-0044,1
60,svc-cruise-04,3
60,svc-xfer-01,3
60,svc-hotel-05,1
60,svc-cruise-03,2
60,svc-cruise-04,3
60,svc-act-04,4
61,svc-act-05,1
61,svc-xfer-02,1
61,svc-pkg-02,3
62,svc-cruise-02,2
62,svc-cruise-01,3
62,svc-cruise-04,3
62,svc-cruise-03,1
62,svc-act-07,2
63,svc-cruise-04,1
63,svc-hotel-01,2
63,svc-act-01,3
63,dest-0012,2
63,svc-pkg-03,3
63,dest-0003,1
63,dest-0037,2
63,svc-cruise-03,2
63,svc-act-09,1
63,svc-hotel-03,4
63,svc-hotel-06,3
63,svc-act-03,2
63,svc-cruise-02,3
63,svc-cruise-02,3
63,svc-act-10,1
63,svc-act-04,1
63,dest-0052,2
63,svc-pkg-02,3
63,svc-act-01,1
63,svc-act-06,1
64,dest-0033,2
64,svc-cruise-04,1
64,svc-hotel-03,3
64,svc-act-01,2
64,svc-act-06,2
64,svc-pkg-02,2
64,svc-cruise-04,2
65,svc-cruise-04,3
65,svc-act-01,3
65,svc-xfer-03,2
65,svc-cruise-04,4
65,svc-cruise-03,1
65,svc-hotel-06,1
65,dest-0052,3
65,svc-act-01,1
65,svc-act-02,1
65,dest-0016,3
65,svc-cruise-02,3
65,svc-cruise-02,3
65,svc-act-04,3
65,svc-hotel-07,1
65,svc-xfer-02,2
65,svc-cruise-03,3
65,svc-act-09,3
65,svc-hotel-08,2
65,svc-act-05,2
65,svc-hotel-06,2
65,dest-0013,3
65,svc-cruise-01,5
65,svc-act-10,1
65,dest-0047,2
65,dest-0033,1
65,svc-cruise-02,2
65,svc-hotel-04,2
65,dest-0045,2
65,svc-xfer-03,1
65,svc-xfer-02,2
66,dest-0026,2
66,dest-0040,2
66,svc-act-04,3
66,svc-cruise-03,2
66,dest-0029,2
66,svc-cruise-04,2
67,svc-cruise-04,3
67,svc-cruise-03,3
67,svc-cruise-04,4
68,svc-cruise-02,1
68,dest-0044,3
68,svc-cruise-03,3
68,svc-cruise-04,1
68,svc-hotel-01,3
68,dest-0060,1
68,dest-0060,2
68,svc-hotel-03,3
68,svc-pkg-02,1
68,svc-cruise-01,2
68,svc-act-07,1
68,dest-0047,2
68,svc-act-09,2
68,svc-cruise-01,3
68,svc-cruise-01,2
68,dest-0013,3
68,dest-0042,1
68,svc-act-06,2
69,dest-0005,1
69,svc-hotel-02,1
69,svc-xfer-02,3
69,svc-act-05,2
69,dest-0005,2
69,dest-0049,1
70,svc-cruise-01,2
70,svc-act-09,1
70,svc-cruise-02,2
70,svc-act-08,1
70,svc-cruise-01,2
70,svc-cruise-01,3
70,svc-cruise-03,1
70,svc-cruise-03,3
70,svc-act-02,1
70,svc-hotel-06,3
70,dest-0001,1
70,svc-cruise-02,1
70,dest-0037,3
70,dest-0048,1
70,svc-act-03,3
70,svc-act-05,2
70,svc-pkg-02,3
70,svc-hotel-06,2
70,svc-hotel-01,2
70,svc-cruise-03,2
70,svc-pkg-04,2
70,svc-pkg-04,1
70,dest-0015,1
70,dest-0044,2
70,svc-cruise-04,3
70,svc-act-10,3
70,svc-hotel-06,3
70,svc-hotel-06,3
70,svc-cruise-04,3
70,svc-cruise-04,2
70,svc-pkg-01,2
71,dest-0008,1
71,svc-act-05,3
71,svc-hotel-04,3
71,svc-act-10,2
71,dest-0059,2
71,dest-0011,2
71,dest-0022,2
71,svc-act-02,2
72,dest-0036,3
72,svc-pkg-05,4
72,svc-pkg-04,2
72,svc-act-08,5
72,dest-0006,2
72,svc-xfer-02,2
72,svc-hotel-06,1
72,svc-pkg-02,1
72,dest-0021,1
72,dest-0009,2
72,dest-0008,2
73,dest-0038,2
73,svc-hotel-01,2
73,dest-0032,1
73,dest-0032,2
73,svc-pkg-01,1
73,dest-0029,1
73,svc-act-02,5
73,svc-act-06,2
73,svc-act-02,5
73,svc-act-04,2
73,svc-pkg-03,2
73,svc-hotel-03,2
73,dest-0050,1
73,svc-act-05,3
74,dest-0046,2
74,svc-act-01,2
74,svc-act-03,3
75,svc-act-02,5
75,svc-act-02,4
75,svc-act-09,2
75,svc-xfer-02,1
76,svc-pkg-05,2
76,svc-pkg-05,3
76,svc-act-08,4
76,svc-act-02,1
76,svc-act-08,5
77,dest-0049,1
77,svc-act-04,3
77,svc-hotel-08,1
77,dest-0005,3
77,svc-hotel-03,3
78,svc-act-09,2
78,svc-act-04,3
78,svc-hotel-02,1
79,svc-act-09,3
79,dest-0011,1
79,dest-0040,3
79,dest-0013,1
79,dest-0054,1
79,dest-0012,2
79,svc-act-03,5
79,svc-act-09,2
79,dest-0035,1
79,dest-0034,2
79,svc-hotel-02,2
80,dest-0016,2
80,svc-hotel-03,3
80,svc-pkg-04,3
80,dest-0044,2
80,svc-act-03,1
80,dest-0049,3
80,svc-hotel-03,2
80,svc-hotel-04,1
80,svc-pkg-03,2
80,svc-pkg-03,1
80,svc-hotel-08,2
80,svc-act-08,2
80,svc-hotel-03,2
80,dest-0050,1
80,svc-act-04,3
80,svc-act-05,1
80,svc-cruise-01,2
80,dest-0031,1
80,svc-act-04,3
80,dest-0039,3
80,svc-hotel-07,2
80,dest-0014,3
80,dest-0048,1
80,svc-cruise-01,3
80,dest-0014,2
80,dest-0054,3
80,svc-hotel-02,3
80,svc-cruise-04,3
80,svc-hotel-07,1
80,dest-0026,2
80,dest-0049,2
80,svc-act-06,1
80,dest-0016,3
80,dest-0020,2
80,dest-0055,1
80,dest-0039,1
81,svc-act-08,5
81,svc-hotel-03,1
81,svc-pkg-05,2
81,dest-0028,2
81,svc-hotel-05,2
82,svc-act-01,1
82,svc-cruise-01,2
82,svc-hotel-01,3
82,dest-0006,1
82,svc-act-09,2
82,svc-cruise-01,2
83,svc-act-05,1
83,svc-xfer-01,3
83,svc-hotel-02,2
84,dest-0005,2
84,dest-0014,3
84,svc-hotel-02,1
84,svc-hotel-04,1
85,svc-cruise-02,2
85,dest-0039,2
85,svc-xfer-02,1
85,svc-act-01,2
86,svc-act-08,2
86,dest-0055,3
86,svc-pkg-05,3
86,svc-xfer-03,3
86,svc-act-03,2
87,svc-pkg-02,1
87,svc-hotel-07,1
87,svc-act-09,1
87,svc-act-03,4
87,dest-0050,3
87,svc-hotel-03,2
87,svc-hotel-05,3
87,dest-0013,3
87,dest-0043,1
87,dest-0011,1
87,svc-act-03,5
87,dest-0017,1
87,svc-xfer-03,1
87,svc-pkg-03,2
87,svc-hotel-05,2
87,svc-pkg-04,1
87,svc-act-09,4
87,svc-hotel-07,1
87,svc-pkg-05,2
87,svc-act-07,3
87,svc-hotel-02,2
87,dest-0015,2
87,dest-0060,2
87,dest-0054,1
87,svc-act-02,1
87,svc-hotel-02,1
87,svc-act-04,1
87,dest-0005,1
87,dest-0046,3
87,dest-0009,2
87,svc-act-07,1
87,dest-0036,2
87,dest-0001,1
87,svc-act-03,5
87,svc-act-09,1
87,svc-pkg-01,1
87,svc-act-10,1
87,dest-0035,1
87,svc-hotel-07,2
87,svc-act-01,2
88,svc-act-03,4
88,svc-pkg-05,2
88,svc-act-03,5
88,svc-act-10,3
88,dest-0055,3
88,svc-act-03,5
88,dest-0018,1
88,svc-pkg-04,1
88,dest-0047,2
89,svc-hotel-04,3
89,dest-0004,2
89,dest-0058,2
89,dest-0050,1
89,dest-0027,2
90,dest-0006,2
90,svc-hotel-05,1
90,svc-hotel-08,1
90,svc-act-02,4
91,svc-pkg-04,2
91,svc-cruise-03,2
91,svc-hotel-06,4
91,svc-cruise-03,3
91,svc-hotel-05,2
91,dest-0048,1
91,svc-cruise-02,3
91,svc-pkg-02,3
92,svc-act-08,5
92,svc-hotel-01,3
92,dest-0060,2
92,svc-hotel-01,2
92,dest-0040,1
93,svc-act-06,2
93,dest-0047,1
93,svc-act-02,3
93,dest-0048,1
93,svc-act-09,3
93,dest-0040,3
93,svc-pkg-04,5
93,dest-0021,3
93,dest-0019,1
93,svc-act-02,5
93,dest-0008,2
93,dest-0019,1
93,svc-pkg-02,3
93,svc-pkg-04,4
93,svc-act-02,4
93,svc-act-05,2
93,svc-act-06,2
93,svc-act-04,2
93,svc-act-01,3
93,svc-pkg-01,1
93,svc-act-06,3
93,svc-hotel-01,1
93,dest-0021,1
93,dest-0009,1
93,svc-act-10,1
93,svc-pkg-04,4
93,svc-act-02,5
93,svc-act-09,2
94,svc-act-02,5
94,svc-hotel-07,3
94,svc-xfer-02,1
94,svc-act-03,1
94,svc-act-06,1
94,svc-hotel-03,3
94,dest-0011,2
94,dest-0027,1
94,svc-hotel-05,3
94,svc-pkg-04,2
94,svc-act-08,1
94,svc-act-09,1
94,svc-act-02,3
94,dest-0007,2
94,dest-0034,1
94,dest-0054,2
94,dest-0012,1
94,svc-xfer-03,2
94,svc-pkg-04,5
94,dest-0042,1
94,svc-act-10,2
94,dest-0051,2
94,svc-hotel-05,1
94,dest-0022,1
94,svc-pkg-05,1
94,svc-pkg-03,3
94,svc-pkg-04,4
94,dest-0018,1
94,dest-0053,4
94,dest-0050,2
95,svc-act-06,1
95,svc-pkg-04,4
95,dest-0043,2
95,svc-act-03,3
95,dest-0024,1
95,svc-pkg-01,1
95,dest-0048,2
96,svc-pkg-02,2
96,dest-0028,2
96,svc-hotel-05,1
96,svc-hotel-04,2
96,svc-act-03,1
97,svc-act-01,3
97,svc-hotel-03,1
97,svc-xfer-01,1
97,svc-hotel-04,3
97,svc-act-10,1
97,svc-act-05,4
97,svc-hotel-04,3
98,dest-0030,2
98,svc-act-06,1
98,svc-hotel-05,5
98,svc-pkg-03,1
98,svc-xfer-02,3
99,svc-hotel-02,1
99,svc-hotel-07,1
99,svc-hotel-08,1
99,svc-act-09,1
99,dest-0027,1
99,svc-act-06,1
99,svc-act-03,5
99,dest-0017,1
99,svc-act-09,2
99,svc-xfer-02,3
99,svc-pkg-06,2
99,svc-hotel-01,2
99,svc-act-03,4
99,svc-pkg-06,2
99,dest-0056,2
99,svc-hotel-03,2
99,dest-0019,1
99,svc-hotel-06,1
99,svc-act-03,5
99,svc-act-08,2
99,svc-pkg-01,1
99,dest-0033,1
99,svc-act-08,2
99,dest-0042,1
99,svc-act-03,5
99,dest-0004,3
99,svc-act-09,3
99,svc-hotel-04,2
99,svc-pkg-04,1
99,svc-act-02,1
99,svc-hotel-04,1
99,svc-hotel-06,1
99,dest-0052,1
99,svc-pkg-02,1
99,svc-act-01,2
99,svc-act-08,2
99,svc-pkg-01,2
99,svc-act-05,1
99,dest-0053,1
99,svc-hotel-08,1
100,svc-pkg-05,3
100,dest-0058,2
100,svc-hotel-05,2
100,svc-pkg-01,1
100,svc-pkg-05,2
100,dest-0055,3
100,svc-act-02,2
100,svc-act-08,5
100,svc-hotel-01,2
100,svc-act-08,5
100,dest-0060,1
100,svc-xfer-02,2
100,dest-0009,2
100,svc-hotel-08,3
100,svc-xfer-01,3
101,svc-cruise-03,3
101,svc-xfer-02,2
101,svc-cruise-03,3
101,svc-hotel-03,3
102,svc-cruise-04,2
102,svc-pkg-03,2
102,svc-hotel-05,2
102,svc-hotel-03,2
102,dest-0008,2
103,dest-0009,2
103,dest-0053,1
103,svc-act-02,5
103,svc-act-06,3
104,svc-act-04,1
104,dest-0013,1
104,svc-act-10,1
104,svc-act-06,3
104,dest-0051,2
104,svc-hotel-01,2
104,dest-0053,1
104,svc-act-02,5
104,svc-act-02,5
104,svc-pkg-04,5
104,svc-act-01,2
104,dest-0045,1
104,dest-0044,2
104,svc-act-02,4
104,dest-0041,3
104,svc-act-06,3
104,dest-0032,1
105,dest-0029,1
105,svc-cruise-01,1
105,svc-act-10,1
105,svc-pkg-06,2
105,svc-act-09,1
106,dest-0005,1
106,svc-hotel-08,2
106,svc-cruise-04,4
106,svc-cruise-01,3
106,svc-cruise-01,5
107,dest-0002,2
107,svc-hotel-04,1
107,svc-act-04,3
107,svc-act-04,1
107,svc-cruise-01,2
107,svc-hotel-03,1
107,dest-0032,1
108,svc-act-03,1
108,dest-0001,3
108,svc-cruise-01,4
108,svc-act-04,1
109,dest-0046,3
109,svc-xfer-03,1
109,dest-0033,2
109,svc-hotel-02,2
109,svc-act-05,2
109,svc-act-06,3
109,dest-0035,1
109,svc-act-01,2
109,svc-act-05,3
109,svc-pkg-05,3
109,svc-act-04,1
109,svc-hotel-06,1
109,dest-0038,3
109,svc-pkg-06,3
109,svc-act-01,4
109,dest-0060,1
109,svc-xfer-03,2
109,svc-act-05,5
109,svc-xfer-02,2
110,svc-hotel-07,2
110,svc-cruise-01,2
110,svc-cruise-04,3
110,dest-0058,2
110,dest-0021,2
110,svc-cruise-03,1
110,svc-act-02,3
110,svc-cruise-02,1
110,svc-act-06,2
110,svc-pkg-02,2
110,svc-act-05,1
110,svc-hotel-03,5
110,svc-act-09,1
111,svc-cruise-01,2
111,svc-hotel-07,2
111,dest-0015,1
112,svc-cruise-01,3
112,svc-act-06,1
112,svc-hotel-01,4
112,svc-pkg-04,3
112,svc-act-08,2
112,svc-hotel-01,4
112,svc-act-08,1
113,dest-0007,2
113,svc-pkg-01,2
113,svc-act-10,3
113,svc-hotel-08,2
113,svc-act-08,5
113,svc-act-08,5
113,svc-xfer-03,3
113,svc-hotel-01,2
113,dest-0055,1
113,dest-0034,1
113,svc-pkg-05,2
113,dest-0023,1
113,svc-act-06,3
113,svc-act-10,2
113,svc-hotel-02,2
113,svc-xfer-02,1
113,svc-pkg-05,3
113,svc-xfer-03,3
113,svc-act-08,4
113,svc-hotel-08,1
113,svc-act-09,2
113,dest-0030,1
113,dest-0038,1
113,dest-0046,3
113,svc-hotel-01,2
113,svc-hotel-01,3
113,svc-pkg-05,3
113,dest-0008,2
113,svc-pkg-04,2
113,svc-hotel-08,3
113,svc-pkg-03,1
113,svc-hotel-03,3
113,dest-0012,2
113,svc-pkg-04,1
114,svc-pkg-03,1
114,svc-act-03,1
114,svc-xfer-02,1
114,dest-0019,2
114,svc-act-10,3
114,svc-pkg-04,2
114,dest-0056,3
114,svc-act-02,3
114,dest-0051,2
114,svc-xfer-01,1
114,svc-act-06,2
114,svc-hotel-02,3
114,dest-0044,1
114,svc-hotel-02,2
114,dest-0038,3
115,svc-xfer-03,1
115,svc-cruise-03,3
115,svc-cruise-01,4
116,dest-0027,1
116,svc-pkg-01,2
116,svc-cruise-04,1
116,svc-hotel-01,4
116,svc-cruise-01,2
116,svc-hotel-06,2
116,svc-hotel-01,5
116,svc-hotel-08,2
116,dest-0049,3
116,svc-hotel-08,2
117,svc-hotel-08,1
117,dest-0043,2
117,svc-act-09,2
117,svc-hotel-02,1
117,svc-hotel-04,2
117,svc-hotel-05,4
117,svc-act-09,2
117,svc-xfer-02,2
117,svc-act-08,1
118,svc-act-01,1
118,dest-0005,1
118,svc-hotel-07,2
118,dest-0026,1
118,svc-act-09,1
118,svc-xfer-02,2
118,dest-0040,3
118,dest-0025,2
118,svc-xfer-02,3
118,dest-0035,2
118,svc-pkg-05,2
118,svc-act-07,1
119,svc-pkg-06,1
119,svc-hotel-08,1
119,svc-hotel-05,1
119,svc-act-02,4
120,dest-0052,1
120,svc-hotel-01,5
120,svc-hotel-06,2
120,svc-hotel-06,2
120,svc-hotel-01,3
120,svc-cruise-01,2
120,svc-hotel-06,3
120,svc-hotel-08,2
121,svc-pkg-01,1
121,svc-hotel-04,2
121,svc-act-09,3
121,dest-0008,1
121,svc-hotel-03,3
121,svc-act-03,4
121,svc-pkg-05,1
121,svc-act-01,1
121,svc-act-02,1
122,svc-hotel-06,4
122,svc-act-08,2
122,dest-0016,3
122,svc-hotel-06,1
122,svc-hotel-08,2
122,svc-hotel-03,2
122,svc-hotel-01,3
122,svc-act-03,1
122,svc-hotel-05,1
122,svc-hotel-02,1
122,svc-hotel-03,1
122,svc-act-08,4
122,svc-pkg-04,1
123,svc-hotel-04,3
123,svc-act-01,2
123,svc-act-10,2
123,svc-act-05,4
123,svc-act-01,4
124,svc-act-08,2
124,dest-0016,2
124,dest-0023,2
124,dest-0059,2
124,svc-act-01,1
124,svc-hotel-01,5
125,svc-xfer-02,3
125,svc-pkg-06,2
125,svc-act-07,3
125,dest-0001,2
125,svc-hotel-03,1
125,dest-0037,1
125,dest-0056,1
125,svc-hotel-05,4
125,svc-pkg-05,2
125,svc-pkg-04,3
125,svc-pkg-04,1
125,dest-0043,1
125,dest-0037,3
125,svc-hotel-02,3
125,svc-hotel-06,3
125,dest-0019,3
125,svc-pkg-03,1
125,dest-0043,3
125,svc-hotel-02,3
125,dest-0041,1
125,svc-act-10,1
125,dest-0053,1
125,dest-0034,1
126,svc-hotel-03,3
126,svc-cruise-03,2
126,svc-cruise-02,2
126,svc-cruise-02,3
126,svc-act-03,3
126,dest-0005,2
126,svc-cruise-03,2
127,dest-0025,2
127,dest-0035,1
127,svc-pkg-06,1
127,dest-0057,3
127,dest-0058,1
127,svc-xfer-02,3
127,svc-act-01,1
127,svc-pkg-03,2
127,svc-act-02,2
127,svc-act-05,3
127,dest-0016,2
128,svc-cruise-03,2
128,svc-cruise-04,3
128,svc-cruise-01,5
129,dest-0034,3
129,svc-hotel-04,3
129,dest-0009,3
129,dest-0024,3
129,dest-0025,3
129,dest-0013,2
129,dest-0032,1
129,dest-0030,2
129,svc-pkg-06,3
129,dest-0039,2
129,dest-0008,2
130,svc-act-03,1
130,svc-pkg-02,3
130,svc-cruise-03,1
130,svc-hotel-03,3
131,svc-act-04,2
131,svc-xfer-02,1
131,svc-pkg-01,2
131,svc-xfer-02,3
131,dest-0043,2
131,svc-xfer-03,3
131,svc-act-06,3
131,dest-0037,2
131,svc-hotel-02,2
131,svc-act-10,1
131,svc-act-07,1
131,dest-0035,2
132,dest-0043,1
132,dest-0009,1
132,svc-cruise-01,2
132,dest-0011,2
132,svc-act-08,2
132,svc-cruise-04,2
132,svc-hotel-03,2
133,svc-xfer-01,1
133,dest-0020,3
133,svc-hotel-02,1
133,svc-xfer-01,2
133,svc-pkg-06,1
134,svc-act-04,2
134,svc-act-02,5
134,svc-pkg-04,3
134,dest-0016,1
134,svc-act-07,1
134,dest-0048,3
134,svc-pkg-03,1
134,svc-hotel-02,2
134,svc-act-02,3
134,svc-xfer-02,1
134,svc-hotel-04,1
134,svc-hotel-05,3
134,svc-act-06,1
134,dest-0048,3
134,dest-0032,3
134,svc-act-04,3
134,svc-pkg-04,5
134,dest-0059,3
134,dest-0024,1
134,svc-hotel-05,3
134,dest-0020,2
134,svc-act-02,4
134,svc-act-08,2
134,svc-act-06,3
134,dest-0047,2
134,svc-hotel-02,2
134,svc-hotel-08,1
134,dest-0030,2
134,svc-act-06,1
134,svc-act-03,2
134,dest-0012,2
134,svc-xfer-01,1
134,dest-0016,2
134,svc-act-06,2
134,svc-xfer-01,2
134,svc-pkg-03,2
134,svc-act-05,1
134,dest-0007,3
134,dest-0058,1
134,dest-0037,2
135,svc-hotel-06,3
135,svc-hotel-08,1
135,svc-act-07,1
135,dest-0060,1
136,svc-act-05,1
136,svc-hotel-07,2
136,dest-0027,3
136,svc-hotel-08,1
136,svc-xfer-02,1
136,svc-act-03,5
136,svc-act-09,3
136,svc-pkg-04,1
136,svc-act-03,5
136,svc-act-09,1
136,svc-pkg-03,1
136,svc-hotel-08,3
136,svc-hotel-08,1
136,svc-pkg-02,2
136,svc-act-08,2
136,dest-0054,1
137,svc-act-03,5
137,svc-act-04,2
137,svc-pkg-05,1
137,svc-hotel-01,1
137,svc-pkg-03,1
137,svc-pkg-03,1
137,svc-act-09,2
137,dest-0056,1
137,dest-0025,2
137,dest-0040,1
137,dest-0034,2
137,dest-0050,1
137,dest-0018,1
137,svc-xfer-01,1
137,svc-act-06,3
137,svc-pkg-05,1
137,svc-act-03,5
137,dest-0019,1
138,dest-0047,2
138,svc-act-07,1
138,svc-act-04,2
138,svc-act-03,3
138,dest-0031,2
138,svc-hotel-06,3
138,svc-xfer-02,1
138,svc-hotel-03,4
138,svc-act-03,1
138,dest-0042,1
138,dest-0052,2
138,svc-act-05,3
138,dest-0045,2
138,dest-0029,1
138,dest-0011,1
138,svc-hotel-01,2
138,dest-0049,1
138,svc-pkg-02,3
138,svc-hotel-01,3
138,dest-0020,2
138,dest-0010,1
138,svc-act-07,2
138,dest-0044,1
138,svc-hotel-08,1
138,dest-0053,2
138,dest-0019,2
138,svc-act-02,1
138,dest-0030,3
138,dest-0026,1
138,dest-0058,2
138,svc-xfer-01,3
138,svc-hotel-02,1
138,dest-0046,3
138,dest-0037,3
138,dest-0017,1
138,dest-0051,2
138,svc-hotel-01,1
138,svc-pkg-04,2
138,svc-pkg-02,5
138,dest-0035,1
138,dest-0042,3
139,dest-0048,1
139,dest-0039,1
139,svc-act-09,2
139,dest-0006,1
140,svc-act-05,4
140,svc-act-07,3
140,svc-pkg-04,2
140,svc-act-10,1
140,dest-0031,2
140,svc-act-08,2
140,svc-pkg-02,3
140,dest-0015,1
140,svc-hotel-04,2
140,dest-0024,1
140,dest-0027,2
141,svc-act-09,2
141,svc-act-03,5
141,svc-hotel-05,2
142,svc-pkg-05,1
142,dest-0058,1
142,svc-cruise-04,1
143,svc-cruise-02,3
143,dest-0049,2
143,svc-cruise-01,5
143,dest-0055,2
143,dest-0009,2
143,svc-cruise-04,2
143,svc-cruise-01,5
143,svc-cruise-01,5
143,svc-hotel-06,1
143,svc-cruise-03,3
143,svc-act-07,1
143,svc-cruise-01,5
143,svc-cruise-03,3
143,dest-0036,2
143,dest-0041,2
143,svc-cruise-02,3
143,dest-0001,1
143,svc-cruise-02,3
143,svc-cruise-03,3
143,svc-xfer-01,2
143,svc-xfer-02,3
143,svc-xfer-02,1
143,svc-act-04,1
143,dest-0051,1
143,svc-act-10,2
143,dest-0010,3
143,dest-0027,3
143,svc-xfer-01,3
144,svc-cruise-02,2
144,svc-cruise-03,3
144,svc-hotel-01,1
145,svc-pkg-06,3
145,svc-act-01,3
145,svc-xfer-02,2
145,svc-act-04,1
145,dest-0013,3
145,dest-0012,1
145,svc-act-05,4
146,svc-xfer-03,2
146,svc-act-08,5
146,svc-xfer-01,2
146,svc-act-02,2
146,svc-act-08,4
146,svc-act-06,2
146,svc-pkg-04,1
146,svc-pkg-05,3
146,dest-0024,1
146,dest-0038,2
146,svc-act-09,2
146,svc-xfer-02,3
146,svc-hotel-01,2
146,dest-0001,3
146,dest-0014,1
146,svc-pkg-03,2
146,svc-xfer-01,1
146,svc-act-08,5
146,dest-0039,3
146,dest-0055,2
146,dest-0005,1
146,svc-act-05,2
146,svc-act-08,5
146,svc-pkg-04,1
146,svc-act-05,2
146,dest-0029,1
146,dest-0005,1
146,svc-hotel-08,3
146,dest-0013,1
146,svc-act-10,2
146,dest-0017,2
146,dest-0058,4
146,dest-0020,1
146,dest-0015,2
146,svc-hotel-08,2
146,svc-hotel-02,1
146,svc-hotel-04,3
146,svc-act-01,1
147,dest-0029,2
147,svc-act-08,5
147,svc-hotel-08,1
148,dest-0050,1
148,dest-0036,1
148,svc-hotel-02,2
149,svc-pkg-02,3
149,svc-hotel-06,2
149,svc-cruise-03,2
149,dest-0016,1
149,svc-cruise-02,4
149,dest-0007,1
149,dest-0052,1
149,dest-0053,3
149,svc-cruise-02,1
149,svc-cruise-04,3
149,svc-act-02,2
149,dest-0035,2
149,svc-act-01,3
149,svc-act-10,2
149,svc-hotel-04,3
149,svc-pkg-02,3
149,svc-hotel-06,4
149,svc-cruise-03,3
149,svc-cruise-04,3
149,svc-act-01,2
149,svc-act-06,1
149,dest-0034,2
149,svc-cruise-01,4
149,svc-cruise-03,3
149,svc-act-05,1
149,svc-cruise-01,2
149,dest-0002,1
149,dest-0014,2
149,svc-hotel-01,3
149,dest-0055,1
149,svc-act-07,3
149,dest-0030,1
149,svc-act-04,1
149,svc-cruise-04,2
150,svc-cruise-04,1
150,svc-act-05,1
150,dest-0015,1
151,svc-pkg-05,1
151,svc-cruise-03,2
151,svc-hotel-06,2
151,svc-cruise-01,1
151,svc-hotel-05,3
151,dest-0016,1
152,svc-hotel-07,1
152,svc-hotel-03,2
152,svc-act-04,2
152,dest-0013,2
152,svc-act-04,4
152,svc-act-04,3
152,svc-hotel-04,1
152,dest-0024,1
153,svc-pkg-05,1
153,svc-hotel-04,3
153,dest-0017,1
153,svc-act-05,5
153,svc-hotel-04,2
153,svc-xfer-02,3
154,svc-hotel-07,1
154,svc-act-01,2
154,dest-0048,1
154,svc-act-09,1
154,svc-hotel-03,1
154,svc-hotel-04,2
155,svc-hotel-06,1
155,dest-0048,2
155,svc-act-04,1
156,svc-hotel-03,5
156,svc-cruise-02,1
156,svc-cruise-03,2
156,svc-act-04,2
157,svc-pkg-06,1
157,dest-0038,2
157,svc-act-08,3
157,svc-hotel-01,1
157,svc-pkg-05,2
158,svc-hotel-06,2
158,dest-0007,3
158,dest-0021,1
158,dest-0008,2
158,dest-0007,2
158,dest-0054,1
158,svc-hotel-03,3
158,svc-hotel-06,1
158,svc-hotel-03,2
158,svc-act-04,4
158,svc-pkg-03,2
158,dest-0012,3
158,svc-hotel-03,2
158,dest-0002,2
158,svc-act-08,1
158,dest-0026,3
158,dest-0041,3
159,svc-act-07,2
159,dest-0037,2
159,dest-0014,1
159,svc-hotel-04,3
159,svc-act-05,4
159,svc-pkg-05,1
159,svc-act-05,4
159,dest-0058,1
159,svc-pkg-06,3
159,dest-0031,2
159,svc-pkg-05,2
159,svc-act-05,3
159,dest-0033,3
159,svc-pkg-01,2
159,dest-0035,3
159,svc-pkg-06,3
159,svc-pkg-06,3
159,svc-act-05,3
159,svc-pkg-06,4
159,dest-0003,2
159,svc-act-01,4
160,svc-act-02,5
160,svc-xfer-01,1
160,svc-pkg-04,4
160,svc-xfer-02,3
160,svc-act-01,2
160,dest-0024,1
160,svc-act-02,4
160,svc-act-06,2
160,dest-0031,2
160,dest-0048,1
160,svc-pkg-05,2
160,svc-act-02,5
160,dest-0016,1
160,svc-xfer-03,2
160,svc-act-03,1
160,svc-act-02,5
160,dest-0020,3
160,svc-act-01,1
160,svc-hotel-06,2
160,svc-pkg-04,3
160,dest-0002,3
160,dest-0036,2
160,svc-hotel-04,2
160,dest-0058,1
160,dest-0042,1
160,svc-act-10,2
160,dest-0044,2
160,svc-act-06,2
160,dest-0040,3
160,svc-act-06,3
160,dest-0054,2
160,svc-pkg-04,5
160,svc-act-06,3
160,dest-0026,1
160,dest-0035,2
160,svc-act-10,1
160,svc-pkg-04,4
160,svc-xfer-03,1
160,svc-act-07,2
161,dest-0036,1
161,dest-0013,2
161,svc-act-09,2
162,svc-act-10,1
162,dest-0060,2
162,svc-act-05,2
162,svc-act-09,2
162,dest-0037,2
162,dest-0030,1
162,svc-act-08,1
162,dest-0003,2
162,dest-0017,2
162,svc-hotel-06,1
162,svc-xfer-01,1
162,svc-act-06,3
162,svc-hotel-08,1
162,svc-act-06,1
162,svc-hotel-02,2
162,dest-0049,2
162,svc-hotel-08,3
162,svc-pkg-05,2
162,svc-xfer-03,1
162,dest-0032,1
162,dest-0021,2
162,svc-act-09,3
162,dest-0051,3
162,svc-hotel-03,3
162,dest-0016,1
162,svc-hotel-05,5
162,svc-act-01,1
162,dest-0016,1
162,svc-act-09,3
162,dest-0010,2
162,svc-hotel-08,2
162,dest-0019,1
162,dest-0006,3
162,dest-0034,3
163,dest-0019,2
163,dest-0034,1
163,svc-act-03,3
163,dest-0017,1
163,svc-hotel-06,3
163,dest-0040,2
163,svc-hotel-02,1
163,svc-pkg-06,1
163,svc-cruise-03,2
163,svc-act-08,2
163,svc-hotel-01,3
163,svc-hotel-05,1
163,svc-act-03,3
163,svc-pkg-05,1
163,svc-cruise-01,3
163,svc-hotel-01,4
163,svc-cruise-01,3
163,svc-pkg-05,3
163,dest-0006,3
163,dest-0008,1
163,svc-act-08,2
163,svc-pkg-05,2
163,svc-hotel-04,2
163,svc-pkg-05,4
164,dest-0003,1
164,svc-hotel-01,3
164,dest-0017,2
164,svc-act-08,5
165,svc-act-04,3
165,svc-act-04,3
165,dest-0026,2
165,svc-hotel-03,2
165,svc-hotel-04,1
165,dest-0031,3
165,dest-0050,1
165,svc-cruise-01,3
165,svc-hotel-03,2
165,svc-hotel-03,4
166,svc-hotel-07,3
166,dest-0006,3
166,svc-hotel-06,3
166,svc-pkg-03,2
166,svc-pkg-02,4
166,svc-hotel-03,5
166,svc-act-05,1
166,svc-pkg-02,3
166,svc-act-04,3
166,dest-0021,1
166,svc-hotel-07,2
166,dest-0038,2
166,dest-0031,1
166,dest-0001,2
166,dest-0044,1
166,svc-act-05,2
166,svc-act-03,2
166,svc-hotel-05,1
166,dest-0053,1
166,dest-0057,1
166,dest-0002,2
166,dest-0010,2
166,svc-pkg-06,4
166,svc-hotel-01,1
166,svc-pkg-05,2
166,dest-0029,2
166,dest-0033,2
166,dest-0045,2
166,svc-xfer-01,1
166,svc-pkg-02,5
166,svc-hotel-03,4
166,dest-0047,1
166,dest-0051,2
166,svc-hotel-02,2
166,dest-0021,1
167,svc-act-01,3
167,dest-0017,2
167,svc-hotel-08,2
167,dest-0039,2
167,svc-pkg-02,1
167,dest-0026,1
167,svc-hotel-04,2
168,dest-0031,3
168,svc-pkg-02,5
168,dest-0027,3
168,svc-hotel-06,2
168,dest-0054,1
169,dest-0004,1
169,svc-hotel-06,3
169,dest-0053,1
169,svc-hotel-01,1
170,svc-pkg-04,2
170,svc-act-06,3
170,svc-act-06,1
170,svc-act-09,1
170,svc-hotel-05,3
170,svc-xfer-01,1
170,svc-pkg-05,3
170,dest-0009,1
170,svc-xfer-03,2
170,svc-act-10,1
170,svc-act-02,5
170,dest-0031,3
170,dest-0016,2
170,svc-pkg-06,2
170,svc-hotel-04,3
170,dest-0003,2
171,svc-cruise-02,2
171,dest-0004,2
171,svc-cruise-02,3
171,svc-xfer-03,1
171,dest-0055,2
171,svc-cruise-01,5
172,dest-0003,2
172,dest-0016,2
172,svc-hotel-03,1
172,svc-hotel-03,2
172,svc-hotel-03,3
172,dest-0026,3
172,svc-hotel-05,1
172,dest-0050,1
172,svc-cruise-01,4
172,dest-0049,2
172,svc-cruise-01,2
172,dest-0026,1
172,dest-0014,3
172,dest-0029,3
172,dest-0029,1
172,svc-hotel-03,2
172,svc-act-02,1
172,dest-0041,3
172,svc-act-04,1
172,dest-0056,3
172,svc-act-04,2
172,dest-0027,2
172,dest-0049,1
172,dest-0014,3
172,dest-0051,1
172,dest-0005,3
172,dest-0008,1
172,dest-0014,1
173,svc-act-06,2
173,svc-hotel-02,2
173,dest-0028,2
173,dest-0010,1
173,svc-hotel-02,2
173,dest-0007,2
174,svc-cruise-01,5
174,dest-0029,3
174,svc-cruise-04,1
174,dest-0020,3
174,svc-cruise-04,5
174,svc-cruise-03,3
174,svc-hotel-04,1
174,svc-xfer-01,2
174,svc-cruise-01,5
174,svc-hotel-06,1
174,svc-xfer-01,2
174,svc-hotel-05,3
174,svc-cruise-01,5
174,svc-act-03,2
174,svc-act-02,1
174,dest-0053,1
174,svc-act-09,2
174,dest-0051,1
174,svc-cruise-02,2
174,svc-cruise-03,3
174,svc-act-04,2
174,svc-xfer-03,2
174,svc-act-02,2
174,dest-0060,2
174,svc-hotel-01,3
174,svc-act-06,3
174,dest-0037,4
174,dest-0012,1
174,svc-cruise-02,3
174,dest-0029,2
174,svc-cruise-01,3
174,svc-cruise-04,4
174,svc-hotel-01,3
175,svc-xfer-03,1
175,svc-act-01,2
175,svc-act-01,4
175,svc-hotel-04,2
176,svc-hotel-06,2
176,svc-pkg-03,2
176,svc-hotel-06,2
177,svc-pkg-01,2
177,svc-act-03,1
177,dest-0052,3
177,svc-act-07,3
177,dest-0039,1
177,dest-0029,3
177,dest-0032,1
177,dest-0042,3
177,svc-act-02,1
177,dest-0040,3
177,svc-hotel-01,1
177,svc-act-03,2
177,dest-0003,2
177,dest-0035,2
177,dest-0024,1
178,svc-act-06,1
178,svc-act-01,2
178,dest-0052,3
178,svc-xfer-03,3
178,svc-hotel-08,1
178,svc-act-01,2
178,dest-0005,3
178,svc-pkg-04,5
179,dest-0005,3
179,svc-act-02,2
179,svc-hotel-04,3
179,svc-hotel-06,1
179,dest-0031,3
179,svc-act-01,1
179,svc-xfer-03,1
179,svc-hotel-06,3
179,svc-xfer-02,2
179,dest-0054,2
179,dest-0059,1
179,svc-act-05,1
179,dest-0017,2
179,svc-xfer-02,2
179,svc-pkg-01,1
179,dest-0014,2
179,svc-act-07,2
179,dest-0042,1
179,dest-0016,3
179,svc-hotel-05,5
179,svc-hotel-02,1
179,svc-act-03,1
180,dest-0036,2
180,svc-hotel-07,2
180,svc-hotel-04,1
180,svc-pkg-05,4
180,dest-0017,1
180,dest-0050,1
181,svc-hotel-01,1
181,dest-0052,2
181,svc-hotel-06,4
182,svc-hotel-03,1
182,dest-0013,1
182,dest-0011,2
182,dest-0005,2
182,dest-0001,2
183,svc-act-01,2
183,dest-0054,1
183,svc-xfer-02,1
184,svc-cruise-03,4
184,svc-act-03,3
184,svc-cruise-04,3
184,svc-cruise-02,2
184,svc-pkg-02,4
184,svc-hotel-07,1
185,svc-act-10,3
185,dest-0029,1
185,svc-hotel-03,2
185,svc-hotel-03,2
185,dest-0033,2
185,svc-act-04,4
185,dest-0013,3
185,svc-pkg-03,1
185,dest-0014,3
185,svc-pkg-06,2
186,svc-act-09,1
186,svc-cruise-04,3
186,svc-hotel-08,1
187,svc-cruise-03,3
187,svc-cruise-01,4
187,svc-pkg-05,4
188,svc-hotel-04,1
188,svc-hotel-08,2
188,svc-xfer-03,3
188,svc-act-08,5
188,svc-hotel-08,2
188,dest-0002,1
188,dest-0020,3
188,dest-0038,1
188,svc-act-08,4
188,svc-act-08,3
188,svc-pkg-04,2
188,dest-0026,2
188,svc-pkg-06,2
188,dest-0033,1
188,svc-pkg-05,4
188,svc-xfer-02,1
188,dest-0017,1
188,svc-act-10,1
188,dest-0023,2
189,svc-xfer-01,2
189,svc-hotel-05,1
189,svc-pkg-06,2
190,svc-act-05,2
190,dest-0038,1
190,svc-act-03,2
190,svc-cruise-04,2
190,svc-act-01,3
190,svc-cruise-03,1
191,svc-act-03,2
191,dest-0050,3
191,svc-act-03,3
191,svc-hotel-02,2
191,svc-act-08,1
191,svc-xfer-02,2
191,dest-0051,3
192,dest-0051,1
192,dest-0014,1
192,dest-0026,1
193,dest-0050,2
193,svc-cruise-02,1
193,svc-cruise-02,2
193,svc-cruise-01,5
194,dest-0017,2
194,svc-hotel-01,4
194,svc-hotel-04,1
195,svc-hotel-06,1
195,svc-act-04,1
195,svc-cruise-03,4
196,svc-act-04,2
196,dest-0014,1
196,svc-hotel-03,2
196,svc-hotel-05,2
196,svc-xfer-02,2
196,svc-act-06,2
196,dest-0006,1
196,dest-0060,1
196,dest-0056,2
196,svc-act-07,1
196,dest-0008,1
196,dest-0001,2
196,svc-act-06,1
196,svc-hotel-04,1
196,svc-hotel-03,3
196,dest-0037,3
196,svc-act-02,5
196,svc-pkg-04,4
196,dest-0008,3
196,dest-0033,1
196,svc-xfer-01,1
196,dest-0038,2
196,dest-0034,1
196,dest-0041,1
196,svc-act-02,5
197,svc-pkg-01,2
197,svc-cruise-02,2
197,svc-cruise-03,1
197,svc-cruise-03,1
197,svc-act-03,3
197,svc-act-03,1
197,svc-act-05,1
197,svc-cruise-02,3
197,svc-cruise-01,1
198,svc-cruise-04,2
198,dest-0008,1
198,svc-cruise-02,3
198,svc-act-10,1
198,svc-cruise-01,2
199,svc-hotel-04,1
199,svc-hotel-03,2
199,svc-hotel-08,2
199,svc-cruise-03,3
199,dest-0038,2
199,svc-hotel-06,1
200,svc-xfer-02,3
200,svc-hotel-02,3
200,svc-xfer-02,2
200,svc-act-10,1
200,dest-0006,1
200,dest-0001,3
200,dest-0047,1
200,dest-0046,1
200,svc-pkg-02,2
200,dest-0019,3
201,svc-act-08,1
201,svc-cruise-04,5
201,dest-0032,3
201,svc-act-04,2
201,svc-cruise-04,4
202,svc-hotel-08,2
202,svc-pkg-03,2
202,svc-pkg-02,2
202,svc-pkg-05,3
202,svc-act-04,2
202,svc-act-03,4
203,dest-0026,3
203,svc-act-04,3
203,svc-hotel-03,3
204,svc-cruise-01,2
204,dest-0037,1
204,svc-hotel-06,2
204,svc-act-08,3
204,dest-0026,1
204,svc-hotel-04,2
204,svc-hotel-06,2
204,dest-0012,1
204,dest-0040,1
205,svc-act-09,1
205,svc-cruise-04,4
205,svc-cruise-04,3
205,svc-hotel-08,2
205,svc-cruise-04,2
206,dest-0026,3
206,svc-hotel-02,1
206,dest-0043,2
206,dest-0048,4
206,dest-0031,1
206,dest-0060,2
206,svc-act-04,2
206,svc-cruise-01,1
206,dest-0021,2
206,dest-0024,2
206,dest-0026,2
206,svc-cruise-04,2
207,svc-pkg-04,4
207,dest-0020,2
207,svc-pkg-02,1
207,svc-xfer-03,2
207,svc-pkg-01,1
207,svc-act-05,1
207,svc-xfer-02,1
207,dest-0041,1
207,svc-act-02,2
207,dest-0032,1
207,svc-hotel-04,1
207,svc-act-06,2
207,svc-hotel-05,1
207,svc-act-02,4
207,svc-pkg-03,1
207,svc-hotel-08,1
207,dest-0048,1
207,svc-pkg-02,1
207,svc-hotel-06,2
207,svc-hotel-08,2
207,svc-xfer-01,2
207,svc-act-08,1
207,dest-0003,1
207,svc-hotel-03,2
207,svc-act-06,2
207,dest-0025,3
207,dest-0005,1
207,svc-act-10,3
207,dest-0054,1
208,svc-hotel-06,2
208,svc-cruise-03,4
208,svc-cruise-03,2
208,svc-cruise-04,2
209,svc-cruise-01,4
209,svc-cruise-02,1
209,svc-cruise-04,4
209,svc-cruise-01,4
209,svc-act-04,2
209,svc-cruise-03,3
209,svc-hotel-02,2
209,svc-cruise-01,4
209,svc-xfer-03,2
209,svc-xfer-03,1
209,svc-xfer-02,3
209,svc-act-06,1
209,dest-0016,2
209,svc-act-02,3
209,svc-act-08,2
209,svc-cruise-04,4
209,svc-cruise-02,2
209,svc-act-01,1
209,dest-0039,2
209,dest-0039,3
209,dest-0057,1
209,svc-cruise-03,1
209,svc-cruise-02,3
209,dest-0034,1
209,dest-0047,1
209,svc-cruise-04,4
209,dest-0016,1
209,dest-0015,2
209,svc-cruise-03,3
209,svc-xfer-02,1
210,svc-act-05,1
210,svc-act-06,1
210,svc-act-09,2
211,dest-0044,2
211,svc-cruise-01,1
211,svc-act-03,3
211,svc-hotel-01,2
211,dest-0013,1
211,svc-act-08,2
211,svc-cruise-04,2
211,svc-cruise-01,2
211,svc-pkg-02,2
211,dest-0045,2
211,svc-pkg-06,2
211,svc-hotel-07,3
211,dest-0008,2
211,svc-hotel-06,2
211,dest-0050,1
211,svc-hotel-02,2
211,dest-0001,1
211,dest-0032,2
211,svc-pkg-05,2
211,dest-0001,1
211,svc-hotel-04,3
211,svc-hotel-01,5
212,svc-act-01,1
212,dest-0031,2
212,svc-xfer-02,1
212,dest-0020,3
212,svc-hotel-02,4
212,svc-hotel-02,1
212,svc-pkg-02,2
212,svc-xfer-03,2
212,svc-hotel-02,2
212,svc-act-02,3
213,dest-0050,1
213,dest-0039,1
213,dest-0052,3
213,svc-pkg-04,3
213,svc-pkg-05,3
213,svc-hotel-01,2
214,dest-0010,3
214,dest-0046,2
214,svc-hotel-06,1
214,svc-hotel-01,5
214,svc-pkg-04,1
214,svc-hotel-01,2
214,svc-cruise-01,2
214,svc-act-03,2
214,svc-hotel-01,5
214,svc-hotel-05,1
214,dest-0015,1
214,dest-0056,1
214,svc-cruise-01,1
214,dest-0023,1
214,dest-0008,1
214,svc-cruise-03,3
214,dest-0001,2
214,svc-hotel-04,2
214,dest-0037,1
214,svc-act-08,2
214,svc-hotel-08,2
214,svc-act-08,2
214,dest-0009,2
214,svc-act-08,2
214,dest-0005,1
214,dest-0040,3
214,dest-0053,2
214,dest-0043,3
214,dest-0059,1
214,dest-0016,1
214,dest-0038,1
214,dest-0049,2
214,svc-pkg-05,3
214,dest-0032,3
214,svc-cruise-03,2
214,svc-hotel-07,1
214,svc-hotel-01,4
214,dest-0041,1
214,svc-hotel-06,2
214,svc-act-06,2
215,svc-hotel-04,3
215,svc-xfer-02,2
215,svc-xfer-02,2
215,svc-hotel-05,4
215,svc-act-01,1
215,svc-act-08,2
215,svc-act-03,2
215,dest-0048,2
216,svc-hotel-08,1
216,svc-hotel-06,4
216,svc-pkg-03,2
216,svc-pkg-04,2
216,dest-0056,2
216,svc-hotel-06,1
216,svc-act-03,3
216,dest-0034,2
216,dest-0042,1
216,dest-0020,1
216,dest-0060,3
216,svc-pkg-03,2
216,svc-cruise-01,2
216,svc-hotel-06,3
216,svc-act-04,2
216,dest-0043,2
216,svc-cruise-01,3
216,dest-0048,1
216,dest-0035,1
216,svc-hotel-07,1
216,dest-0003,1
216,svc-act-08,1
216,svc-hotel-06,2
216,svc-hotel-03,3
216,svc-act-08,3
216,dest-0013,1
216,svc-pkg-05,2
216,svc-hotel-04,1
216,svc-cruise-03,2
216,dest-0033,3
216,svc-hotel-01,5
216,dest-0012,1
216,dest-0007,1
216,svc-hotel-05,2
216,dest-0024,3
216,svc-act-06,1
216,dest-0056,2
216,svc-hotel-02,1
216,svc-hotel-01,3
217,dest-0057,2
217,svc-hotel-01,3
217,dest-0039,1
217,svc-act-08,3
217,svc-pkg-04,3
217,dest-0035,1
217,svc-hotel-06,2
218,dest-0030,1
218,dest-0042,1
218,dest-0028,1
218,svc-cruise-01,3
218,svc-act-05,1
219,svc-pkg-05,3
219,svc-act-08,5
219,dest-0008,1
219,svc-pkg-06,1
219,svc-hotel-08,3
219,svc-xfer-03,1
219,dest-0045,1
219,dest-0018,2
219,dest-0016,1
219,dest-0021,3
219,svc-hotel-08,2
220,svc-hotel-07,2
220,svc-cruise-02,2
220,svc-hotel-01,3
220,svc-cruise-01,1
220,svc-cruise-01,3
220,svc-act-02,1
220,svc-hotel-08,2
221,svc-act-05,4
221,svc-act-01,4
221,svc-hotel-07,1
222,svc-cruise-02,4
222,svc-cruise-03,3
222,svc-cruise-03,2
222,svc-cruise-02,3
222,svc-act-06,2
222,svc-cruise-02,3
222,svc-act-10,2
222,svc-cruise-01,5
222,svc-xfer-03,1
222,svc-cruise-04,3
222,svc-xfer-02,1
222,svc-act-09,1
223,svc-act-09,1
223,svc-act-02,5
223,svc-pkg-04,3
223,dest-0054,1
223,svc-act-02,5
223,dest-0002,2
223,dest-0010,1
223,svc-act-06,1
223,svc-pkg-04,3
223,svc-act-02,5
223,svc-pkg-04,4
223,svc-act-01,1
223,svc-hotel-05,2
223,svc-xfer-03,2
223,dest-0016,1
223,dest-0016,2
223,svc-pkg-02,3
223,svc-act-05,1
223,svc-hotel-01,1
223,svc-act-05,2
223,svc-pkg-05,2
223,dest-0060,2
223,dest-0057,2
223,svc-hotel-05,1
223,svc-act-04,1
223,dest-0012,1
223,dest-0039,1
223,svc-hotel-08,1
223,svc-xfer-01,3
223,svc-hotel-04,1
223,svc-act-06,4
223,svc-xfer-01,2
223,dest-0028,3
223,dest-0030,2
224,svc-cruise-01,2
224,svc-act-03,3
224,svc-pkg-04,3
224,svc-hotel-06,2
224,svc-hotel-01,4
224,svc-cruise-03,1
224,dest-0017,2
224,svc-hotel-03,3
224,svc-hotel-01,3
224,svc-hotel-08,3
224,svc-cruise-01,3
224,dest-0034,2
224,dest-0032,1
224,svc-hotel-01,5
224,dest-0038,2
224,dest-0052,3
224,svc-hotel-01,4
224,svc-act-08,2
224,dest-0030,2
224,dest-0033,2
224,dest-0026,2
224,svc-pkg-05,3
224,svc-act-03,2
224,svc-cruise-01,3
224,dest-0049,1
224,svc-act-03,3
225,svc-act-07,3
225,svc-hotel-06,2
225,svc-hotel-06,3
225,svc-act-08,2
225,dest-0055,3
225,dest-0012,1
225,dest-0038,2
225,svc-act-03,1
225,svc-hotel-01,4
225,svc-hotel-01,3
225,svc-hotel-07,3
225,svc-hotel-07,3
225,svc-hotel-01,3
225,svc-pkg-02,1
225,svc-act-04,1
225,svc-hotel-04,1
225,dest-0031,3
225,dest-0046,2
225,svc-hotel-02,2
225,svc-act-08,3
225,dest-0037,1
225,dest-0006,2
225,dest-0043,1
225,dest-0060,1
225,svc-pkg-04,1
225,svc-cruise-01,1
225,svc-hotel-03,2
225,dest-0002,1
225,dest-0020,1
225,dest-0031,3
225,dest-0027,1
225,svc-hotel-05,2
226,svc-hotel-02,2
226,svc-hotel-07,3
226,svc-pkg-02,3
226,dest-0056,2
226,svc-act-01,3
226,svc-hotel-06,4
226,dest-0031,2
226,svc-pkg-02,3
227,svc-pkg-05,3
227,svc-hotel-08,3
227,svc-cruise-02,3
227,dest-0015,2
227,svc-pkg-01,2
228,svc-act-08,3
228,svc-hotel-06,2
228,dest-0053,1
229,dest-0031,2
229,svc-act-02,3
229,svc-act-09,2
229,dest-0007,2
229,dest-0056,2
230,svc-hotel-04,2
230,svc-xfer-03,2
230,svc-pkg-06,3
230,svc-hotel-02,1
230,svc-act-07,2
230,dest-0050,1
230,dest-0028,3
230,svc-act-01,3
230,dest-0052,2
230,dest-0043,2
230,dest-0051,1
230,svc-act-05,3
230,svc-pkg-06,3
230,dest-0044,1
230,dest-0034,2
231,svc-hotel-03,1
231,svc-act-04,2
231,svc-hotel-06,1
231,svc-act-03,1
232,svc-pkg-02,3
232,svc-xfer-01,2
232,svc-hotel-02,3
232,dest-0017,2
232,dest-0054,1
232,svc-hotel-03,4
232,svc-hotel-06,5
233,svc-act-05,2
233,dest-0058,2
233,svc-pkg-04,4
233,svc-act-06,2
233,dest-0031,1
233,svc-act-05,1
233,dest-0046,2
233,svc-hotel-07,2
233,svc-pkg-04,4
234,svc-act-02,2
234,svc-act-10,2
234,svc-pkg-02,2
234,dest-0030,1
234,svc-xfer-02,3
234,svc-act-07,2
234,svc-act-06,2
234,svc-hotel-02,1
234,dest-0002,1
234,dest-0054,1
234,svc-act-06,1
234,svc-pkg-01,2
235,dest-0013,1
235,svc-pkg-03,3
235,svc-act-04,3
235,dest-0008,1
235,svc-hotel-05,2
235,svc-cruise-04,2
235,dest-0004,1
235,svc-act-10,1
236,dest-0039,1
236,svc-hotel-02,3
236,svc-pkg-04,2
236,dest-0058,1
236,svc-act-08,2
236,svc-pkg-05,3
236,dest-0031,2
236,svc-hotel-01,4
236,svc-pkg-05,1
236,dest-0033,2
236,svc-cruise-03,1
236,dest-0054,3
236,svc-hotel-06,3
237,svc-cruise-01,2
237,svc-cruise-03,4
237,svc-pkg-06,1
237,svc-pkg-06,2
237,svc-cruise-04,2
237,svc-hotel-01,2
237,svc-hotel-01,3
237,svc-act-07,2
237,svc-act-02,1
237,svc-act-01,2
237,svc-act-02,2
237,svc-act-10,1
237,dest-0052,2
237,dest-0036,1
237,svc-hotel-04,3
237,dest-0028,1
237,svc-cruise-02,2
237,svc-pkg-02,2
237,dest-0022,1
237,svc-pkg-02,4
237,svc-cruise-03,1
237,svc-hotel-08,2
237,svc-hotel-01,4
237,svc-act-01,2
237,dest-0021,1
237,svc-cruise-04,2
237,dest-0042,2
237,svc-cruise-03,3
237,svc-cruise-02,2
237,svc-act-07,1
237,svc-act-09,3
238,svc-act-02,3
238,svc-act-07,1
238,svc-act-02,5
238,svc-pkg-04,5
238,dest-0059,2
238,svc-hotel-04,2
239,svc-pkg-06,1
239,svc-cruise-04,1
239,svc-cruise-04,4
239,svc-act-06,1
240,dest-0017,2
240,svc-hotel-05,4
240,svc-hotel-03,2
240,dest-0019,2
240,dest-0013,2
240,dest-0008,1
241,svc-pkg-06,2
241,svc-hotel-01,3
241,dest-0032,2
241,dest-0023,2
241,svc-act-09,2
241,dest-0021,2
241,svc-pkg-01,2
241,svc-xfer-01,2
242,svc-hotel-01,4
242,svc-pkg-02,3
242,svc-hotel-06,3
242,svc-act-06,1
242,svc-pkg-05,3
242,svc-act-03,1
242,svc-cruise-01,1
242,dest-0050,1
242,svc-hotel-06,2
242,svc-hotel-02,2
242,svc-act-08,2
243,svc-act-01,1
243,svc-act-06,3
243,dest-0036,2
243,dest-0010,2
243,dest-0057,3
243,svc-act-05,2
244,svc-cruise-02,1
244,svc-cruise-03,2
244,svc-cruise-04,3
244,svc-cruise-03,2
244,svc-xfer-03,3
244,svc-xfer-03,1
245,svc-act-03,2
245,svc-act-02,2
245,dest-0011,2
245,svc-pkg-04,1
245,dest-0049,1
245,svc-cruise-03,3
245,dest-0030,1
245,dest-0022,3
245,svc-cruise-04,2
245,svc-pkg-02,3
245,svc-cruise-01,2
245,svc-act-01,2
245,dest-0058,1
245,svc-act-02,1
245,svc-act-01,1
245,dest-0019,1
246,svc-xfer-02,2
246,dest-0037,2
246,dest-0037,2
246,svc-hotel-05,4
246,svc-xfer-02,4
247,svc-hotel-05,4
247,svc-xfer-02,2
247,dest-0030,1
247,svc-hotel-02,3
247,svc-act-05,1
247,svc-hotel-05,2
247,svc-pkg-05,3
247,dest-0037,1
247,dest-0057,2
247,dest-0029,1
247,dest-0041,1
247,dest-0026,3
248,svc-hotel-04,2
248,dest-0014,2
248,svc-act-05,3
248,svc-act-08,1
248,dest-0007,1
248,svc-act-01,5
249,svc-act-04,4
249,svc-hotel-03,1
249,svc-cruise-01,2
250,svc-cruise-01,4
250,svc-cruise-02,2
250,dest-0044,1
250,svc-cruise-01,5
250,svc-cruise-03,3
251,dest-0058,1
251,svc-pkg-04,2
251,svc-pkg-02,4
251,dest-0008,3
252,svc-hotel-03,2
252,svc-act-06,2
252,svc-act-05,4
252,svc-act-04,3
252,dest-0031,1
253,svc-act-03,1
253,svc-pkg-06,1
253,svc-hotel-05,1
253,svc-act-07,2
253,svc-act-09,2
253,svc-pkg-02,3
253,svc-hotel-03,5
253,svc-hotel-08,1
253,svc-hotel-01,3
253,svc-hotel-05,1
254,dest-0001,2
254,svc-act-05,2
254,svc-act-04,4
254,dest-0031,3
255,svc-hotel-03,2
255,svc-pkg-02,2
255,svc-hotel-01,4
256,svc-xfer-01,2
256,svc-act-02,4
256,dest-0029,1
256,svc-act-03,1
256,svc-act-10,1
256,dest-0026,2
256,dest-0050,2
256,svc-hotel-03,1
256,dest-0016,1
256,svc-hotel-04,3
256,dest-0003,2
256,svc-pkg-04,4
256,svc-pkg-06,3
257,dest-0007,1
257,svc-act-06,2
257,svc-act-03,4
257,svc-hotel-03,2
257,svc-hotel-01,3
257,svc-pkg-04,3
257,svc-act-04,2
257,svc-pkg-01,2
257,dest-0019,1
257,svc-pkg-02,2
257,dest-0024,2
258,svc-hotel-03,3
258,svc-pkg-03,2
258,dest-0026,2
258,svc-act-04,4
258,svc-pkg-03,4
258,dest-0014,1
259,svc-act-06,1
259,svc-act-10,1
259,dest-0030,2
260,svc-act-10,2
260,svc-hotel-06,1
260,dest-0018,1
260,svc-pkg-06,1
261,dest-0015,2
261,svc-hotel-07,3
261,dest-0035,2
261,svc-act-06,1
261,svc-act-02,1
261,dest-0052,1
261,svc-cruise-03,3
262,svc-pkg-05,2
262,svc-pkg-02,5
262,svc-hotel-03,5
262,svc-hotel-07,1
263,dest-0001,2
263,dest-0016,1
263,svc-xfer-02,2
263,dest-0047,1
263,dest-0007,2
263,dest-0019,2
263,dest-0035,3
263,svc-act-02,2
263,svc-act-08,1
263,dest-0039,1
263,svc-hotel-03,2
263,svc-hotel-05,5
263,svc-act-05,2
263,svc-hotel-05,5
264,svc-hotel-01,2
264,dest-0060,1
264,dest-0016,2
264,svc-act-09,2
264,svc-pkg-05,1
265,svc-xfer-03,1
265,svc-hotel-08,2
265,svc-act-08,4
265,svc-hotel-01,2
265,svc-pkg-02,1
265,svc-act-08,5
265,svc-act-08,5
265,dest-0027,2
265,svc-hotel-01,1
265,svc-pkg-05,2
265,svc-act-07,2
265,dest-0009,2
265,svc-act-08,5
265,svc-pkg-05,4
265,svc-act-01,2
265,dest-0022,2
265,svc-pkg-01,1
265,svc-pkg-04,3
265,svc-hotel-08,3
265,svc-hotel-08,4
265,dest-0046,2
265,svc-act-05,2
265,svc-hotel-07,2
265,svc-hotel-04,1
265,dest-0008,3
265,svc-pkg-02,2
265,dest-0027,1
265,dest-0007,3
265,svc-pkg-05,3
265,dest-0049,1
266,svc-hotel-06,1
266,dest-0048,3
266,svc-act-03,5
266,dest-0052,2
266,svc-xfer-03,2
266,svc-xfer-03,1
266,dest-0027,3
266,svc-pkg-01,2
266,svc-act-08,3
266,svc-pkg-06,2
266,dest-0009,1
266,svc-act-07,3
266,svc-pkg-05,2
266,svc-pkg-02,1
266,svc-act-06,1
266,svc-pkg-04,2
266,svc-act-01,2
266,svc-act-04,1
266,svc-hotel-04,1
266,svc-pkg-03,2
266,svc-hotel-03,2
266,dest-0030,2
266,dest-0008,3
266,dest-0042,3
266,svc-act-09,2
267,dest-0054,2
267,svc-act-06,3
267,svc-pkg-04,4
267,dest-0015,4
267,dest-0046,1
267,svc-act-02,4
267,dest-0019,1
267,svc-pkg-04,2
267,svc-hotel-01,2
267,dest-0041,1
267,dest-0009,1
268,svc-hotel-01,2
268,svc-act-06,3
268,dest-0017,1
268,dest-0056,3
268,svc-act-03,1
268,svc-act-02,4
268,dest-0035,3
268,svc-pkg-04,5
268,svc-act-09,3
268,dest-0006,2
268,svc-act-06,1
268,dest-0024,2
268,dest-0025,2
268,svc-act-07,3
268,svc-pkg-04,3
268,dest-0018,2
268,dest-0003,1
268,svc-xfer-02,1
268,dest-0030,3
268,svc-pkg-04,3
269,svc-pkg-05,3
269,svc-xfer-02,1
269,svc-pkg-02,3
270,svc-act-06,3
270,svc-pkg-04,3
270,svc-pkg-04,3
270,dest-0040,4
271,svc-act-05,1
271,svc-pkg-02,5
271,svc-act-09,3
271,svc-hotel-03,4
271,svc-hotel-03,4
271,dest-0030,2
271,svc-hotel-01,2
271,dest-0059,2
271,svc-pkg-06,2
271,dest-0002,2
271,svc-act-05,3
271,svc-pkg-02,4
272,svc-pkg-01,2
272,svc-act-03,1
272,dest-0017,2
272,dest-0001,2
272,svc-act-09,3
272,dest-0004,1
272,dest-0022,2
272,dest-0037,2
272,svc-pkg-04,4
272,dest-0024,3
272,svc-act-02,3
272,svc-pkg-04,3
272,svc-act-04,1
272,svc-act-06,1
272,svc-hotel-06,2
272,dest-0021,1
272,dest-0003,3
272,dest-0014,1
272,svc-pkg-03,2
272,svc-xfer-03,1
272,svc-act-02,3
272,svc-hotel-03,2
272,dest-0033,2
272,dest-0009,2
273,svc-hotel-01,2
273,svc-cruise-02,3
273,svc-hotel-06,2
274,dest-0040,1
274,svc-cruise-03,3
274,dest-0059,1
274,dest-0001,2
274,svc-hotel-06,2
275,svc-act-02,5
275,svc-xfer-02,2
275,svc-pkg-05,1
276,svc-act-05,5
276,svc-act-01,3
276,dest-0050,3
276,svc-act-05,3
276,svc-act-01,1
276,dest-0002,1
276,svc-pkg-06,4
276,dest-0035,1
276,svc-hotel-04,2
276,dest-0011,3
276,svc-hotel-04,3
276,dest-0044,3
276,svc-xfer-02,2
276,svc-pkg-06,2
276,svc-act-08,2
276,dest-0021,3
276,dest-0057,3
276,svc-pkg-01,1
276,svc-xfer-01,1
277,svc-act-04,3
277,svc-act-04,3
277,svc-act-04,3
277,dest-0005,4
277,svc-cruise-01,1
278,dest-0044,2
278,svc-pkg-02,3
278,dest-0006,3
278,svc-xfer-01,3
278,dest-0030,2
278,svc-hotel-06,3
279,svc-act-03,3
279,svc-cruise-01,2
279,svc-hotel-02,1
280,svc-act-03,5
280,svc-xfer-03,3
280,svc-act-05,1
281,svc-xfer-01,1
281,svc-cruise-04,1
281,svc-xfer-02,1
281,svc-hotel-08,3
281,svc-cruise-02,3
281,svc-xfer-01,2
281,svc-cruise-03,2
281,svc-hotel-07,1
281,svc-cruise-01,4
282,svc-act-06,1
282,svc-act-01,4
282,svc-act-04,1
283,dest-0005,2
283,svc-pkg-03,4
283,dest-0014,1
284,svc-hotel-07,1
284,svc-act-01,4
284,svc-act-01,3
284,dest-0035,1
284,svc-hotel-04,3
284,svc-act-05,3
284,svc-act-05,5
284,svc-hotel-04,1
284,svc-xfer-03,1
284,svc-xfer-02,1
285,dest-0004,1
285,svc-xfer-02,1
285,svc-pkg-02,2
285,dest-0060,3
285,svc-pkg-06,2
285,svc-act-02,4
285,svc-act-09,1
285,svc-pkg-04,3
285,svc-pkg-04,4
285,svc-act-04,1
285,dest-0057,1
285,svc-act-02,5
285,svc-hotel-05,3
285,svc-act-06,3
285,dest-0033,2
285,dest-0022,2
285,dest-0001,2
285,svc-pkg-04,4
285,svc-xfer-02,1
285,svc-act-05,2
285,dest-0016,2
285,dest-0021,3
285,dest-0016,2
285,svc-hotel-01,2
285,svc-act-01,1
285,svc-hotel-05,2
285,svc-hotel-07,3
285,svc-pkg-04,4
285,dest-0015,2
285,dest-0009,2
285,svc-act-05,2
285,dest-0017,2
285,svc-act-02,5
285,dest-0037,1
285,svc-xfer-01,1
285,svc-hotel-02,1
285,svc-xfer-03,2
285,svc-hotel-06,1
285,dest-0027,1
286,svc-act-02,5
286,svc-act-02,5
286,svc-pkg-04,3
286,svc-act-06,1
286,dest-0056,1
286,dest-0056,2
286,dest-0060,2
286,svc-act-06,1
286,svc-pkg-04,5
286,svc-act-02,3
286,svc-hotel-07,1
286,svc-hotel-03,2
286,dest-0013,2
286,dest-0044,2
286,svc-pkg-02,2
286,dest-0019,2
286,svc-pkg-04,4
286,svc-act-06,2
286,svc-act-03,3
287,svc-hotel-03,1
287,svc-act-08,1
287,svc-pkg-02,1
288,svc-hotel-05,5
288,svc-act-01,1
288,svc-act-03,3
288,dest-0019,3
288,svc-xfer-02,1
288,svc-act-02,2
288,dest-0018,2
288,svc-pkg-04,1
288,dest-0060,2
288,dest-0002,2
288,svc-hotel-05,3
288,svc-hotel-02,2
288,dest-0058,1
288,svc-xfer-02,2
288,dest-0022,2
288,dest-0059,1
288,dest-0020,2
288,dest-0034,1
288,dest-0007,2
288,dest-0003,2
288,svc-act-03,2
288,svc-hotel-02,4
288,svc-xfer-02,3
288,svc-xfer-01,2
288,svc-act-08,1
288,svc-act-07,3
288,dest-0060,2
288,svc-act-09,2
288,dest-0046,2
288,dest-0032,1
288,svc-hotel-04,1
288,dest-0021,1
288,dest-0011,1
288,dest-0033,1
289,svc-act-07,1
289,svc-pkg-01,2
289,svc-act-03,3
290,svc-cruise-01,2
290,svc-pkg-05,3
290,svc-hotel-06,2
290,svc-cruise-02,1
290,dest-0016,1
290,svc-act-07,2
290,dest-0041,1
291,svc-act-06,1
291,svc-act-08,3
291,dest-0055,2
291,dest-0017,3
291,svc-act-01,3
291,svc-hotel-06,1
291,svc-act-04,4
291,svc-act-07,1
291,dest-0026,3
291,svc-hotel-01,3
291,svc-act-08,5
291,dest-0007,1
291,svc-hotel-05,1
291,dest-0029,2
291,dest-0005,1
291,dest-0046,1
292,dest-0011,1
292,svc-act-08,3
292,dest-0010,2
292,svc-act-05,2
292,svc-hotel-02,1
293,svc-hotel-03,1
293,dest-0053,1
293,svc-hotel-03,2
293,dest-0049,3
294,svc-cruise-01,3
294,svc-cruise-01,1
294,svc-act-07,3
294,svc-pkg-02,3
294,svc-cruise-03,3
294,svc-cruise-02,2
294,svc-pkg-03,1
294,svc-hotel-03,4
294,svc-cruise-02,3
294,svc-hotel-05,1
294,svc-cruise-03,2
294,svc-act-06,2
294,dest-0040,1
295,svc-pkg-02,5
295,dest-0012,1
295,svc-hotel-05,3
296,svc-act-04,2
296,svc-hotel-03,3
296,dest-0058,2
297,svc-cruise-04,2
297,svc-cruise-01,3
297,svc-pkg-06,2
297,svc-hotel-03,2
298,svc-xfer-02,1
298,svc-xfer-03,2
298,dest-0058,3
298,dest-0030,2
298,svc-act-10,1
298,dest-0060,1
298,dest-0021,2
298,dest-0034,1
298,dest-0011,2
298,svc-act-04,1
298,svc-hotel-05,5
298,svc-pkg-03,2
298,svc-act-04,1
298,dest-0038,3
298,dest-0055,1
298,dest-0015,2
298,svc-act-05,3
298,svc-act-04,3
298,dest-0037,1
298,svc-xfer-02,3
298,dest-0042,1
298,svc-hotel-02,1
298,svc-xfer-01,1
298,dest-0057,1
298,dest-0023,1
298,dest-0007,1
298,dest-0009,2
298,dest-0043,3
298,dest-0019,2
298,svc-act-07,2
298,dest-0005,3
298,dest-0014,1
298,dest-0013,2
298,dest-0018,3
298,svc-act-02,1
298,svc-hotel-02,3
298,dest-0013,2
298,svc-act-09,2
298,dest-0056,3
298,svc-hotel-05,4
298,dest-0040,2
298,svc-hotel-01,3
298,svc-act-03,2
298,svc-pkg-05,1
299,dest-0006,1
299,svc-act-05,1
299,svc-hotel-03,1
299,svc-xfer-02,2
299,svc-hotel-06,2
299,dest-0010,2
299,dest-0057,2
299,svc-act-04,1
300,svc-hotel-05,1
300,dest-0006,2
300,dest-0002,1
300,svc-cruise-04,1
301,svc-pkg-01,3
301,svc-xfer-02,1
301,svc-act-08,4
301,svc-act-08,4
301,svc-xfer-01,2
301,svc-hotel-08,2
301,dest-0031,1
301,svc-hotel-01,2
301,svc-pkg-05,3
302,svc-hotel-07,1
302,svc-hotel-02,1
302,dest-0034,2
302,dest-0039,2
302,dest-0016,1
302,svc-hotel-04,2
302,dest-0019,2
302,svc-hotel-06,4
303,svc-pkg-04,5
303,svc-act-09,1
304,dest-0003,3
304,svc-act-05,4
304,svc-act-01,3
304,svc-act-01,4
304,dest-0011,1
304,dest-0034,2
304,svc-pkg-06,3
304,dest-0006,1
304,dest-0040,1
305,svc-hotel-04,1
305,svc-act-01,4
305,svc-act-05,4
305,svc-act-01,3
305,dest-0054,2
305,svc-act-07,1
306,svc-act-04,1
306,dest-0013,1
306,svc-hotel-04,2
306,dest-0014,3
306,dest-0003,1
307,svc-act-06,3
307,svc-pkg-02,2
307,svc-pkg-04,4
307,svc-act-02,5
307,svc-act-02,4
307,dest-0057,1
307,svc-hotel-06,1
307,svc-hotel-02,1
307,dest-0003,1
307,dest-0040,2
308,svc-hotel-03,1
308,svc-hotel-07,2
308,dest-0012,1
308,svc-pkg-03,1
308,svc-pkg-01,2
308,dest-0044,1
308,svc-act-02,3
308,svc-hotel-05,1
308,dest-0051,1
308,dest-0060,3
308,dest-0009,2
308,svc-act-09,2
309,svc-pkg-01,3
309,svc-pkg-06,1
309,svc-act-08,5
310,svc-cruise-03,3
310,svc-cruise-01,3
310,svc-cruise-04,1
310,svc-pkg-06,2
310,svc-cruise-03,3
311,svc-act-09,1
311,dest-0033,1
311,svc-hotel-08,1
311,dest-0003,1
311,dest-0016,2
311,svc-act-06,2
312,svc-act-02,3
312,svc-cruise-02,3
312,dest-0042,2
312,svc-hotel-06,1
312,svc-cruise-04,2
312,svc-pkg-02,2
312,svc-cruise-01,2
312,svc-cruise-02,3
313,svc-cruise-04,4
313,svc-hotel-05,2
313,svc-cruise-01,5
313,svc-xfer-01,1
313,dest-0005,1
313,svc-act-09,3
313,svc-cruise-03,2
313,svc-cruise-04,3
313,svc-cruise-02,1
313,svc-xfer-03,1
313,svc-cruise-03,4
313,svc-xfer-01,2
313,svc-cruise-02,2
313,svc-cruise-01,5
313,dest-0052,1
313,svc-xfer-03,1
313,svc-act-02,2
313,dest-0035,2
314,dest-0012,2
314,svc-xfer-02,2
314,svc-xfer-01,1
314,dest-0035,2
315,svc-hotel-01,3
315,svc-act-06,1
315,dest-0034,1
315,dest-0021,2
315,svc-hotel-06,3
315,svc-hotel-06,1
315,svc-hotel-06,4
316,svc-hotel-01,3
316,svc-act-03,3
316,svc-hotel-01,3
317,svc-hotel-08,3
317,dest-0004,1
317,svc-hotel-02,1
317,dest-0028,3
317,svc-hotel-06,1
317,svc-cruise-01,2
317,dest-0014,2
317,dest-0044,2
317,svc-hotel-05,1
317,svc-act-08,3
318,svc-cruise-01,3
318,svc-cruise-03,3
318,svc-act-09,1
318,svc-hotel-08,1
318,svc-cruise-04,3
318,svc-hotel-07,1
318,svc-xfer-03,1
318,svc-hotel-08,1
318,svc-act-05,1
318,svc-cruise-02,1
318,svc-xfer-01,1
319,svc-cruise-03,2
319,svc-hotel-05,2
319,svc-cruise-03,2
319,svc-act-06,3
319,svc-pkg-02,3
319,svc-act-05,2
319,svc-cruise-04,3
319,dest-0020,2
319,svc-act-10,1
319,svc-hotel-08,2
319,svc-hotel-03,4
319,svc-act-02,1
319,dest-0045,3
319,svc-act-04,3
319,svc-act-05,2
319,dest-0006,3
319,dest-0005,1
319,svc-cruise-01,2
319,svc-cruise-03,1
319,svc-act-06,1
319,dest-0060,1
319,svc-pkg-01,2
319,svc-cruise-02,2
319,svc-cruise-02,1
319,dest-0030,2
320,svc-hotel-06,1
320,svc-hotel-01,5
320,dest-0001,1
321,svc-cruise-01,1
321,svc-hotel-03,1
321,dest-0011,2
321,dest-0007,1
322,svc-hotel-02,2
322,svc-act-01,1
322,svc-pkg-01,2
322,svc-hotel-05,4
322,dest-0043,1
322,svc-xfer-02,2
322,svc-hotel-01,2
323,svc-cruise-01,2
323,svc-act-08,2
323,svc-pkg-06,2
324,svc-pkg-04,1
324,svc-hotel-08,2
324,dest-0019,2
324,svc-pkg-02,5
324,svc-pkg-01,2
324,svc-act-08,1
324,svc-hotel-03,4
325,dest-0012,2
325,svc-cruise-01,2
325,dest-0017,1
325,svc-pkg-05,3
325,svc-pkg-06,2
325,svc-hotel-01,3
325,dest-0047,1
325,svc-hotel-06,1
325,svc-pkg-03,2
325,svc-act-03,2
325,svc-pkg-03,1
325,dest-0036,2
325,dest-0028,2
326,dest-0025,2
326,svc-act-02,4
326,dest-0052,1
326,dest-0050,2
327,svc-act-08,5
327,dest-0029,1
327,svc-pkg-05,1
328,svc-act-03,4
328,svc-act-03,5
328,svc-hotel-04,1
328,dest-0032,3
328,dest-0058,2
328,svc-hotel-06,3
328,svc-xfer-01,2
328,svc-act-09,4
328,svc-act-02,2
328,dest-0045,2
328,dest-0038,3
328,dest-0044,3
328,svc-act-09,4
328,dest-0005,1
328,svc-hotel-02,2
328,svc-pkg-06,2
328,dest-0004,2
328,svc-xfer-02,1
328,dest-0015,3
328,svc-pkg-06,1
328,svc-pkg-02,1
328,dest-0027,2
328,dest-0054,3
328,svc-act-07,3
328,svc-pkg-02,2
328,svc-xfer-02,1
328,svc-act-03,5
328,dest-0046,1
329,svc-pkg-04,3
329,dest-0038,3
329,svc-act-03,1
329,svc-act-06,2
329,svc-hotel-07,2
329,dest-0028,2
329,svc-act-09,1
329,dest-0007,1
329,svc-act-01,3
329,dest-0026,3
329,svc-act-06,2
329,svc-pkg-04,4
329,svc-act-06,1
329,dest-0020,3
329,svc-act-02,5
329,dest-0035,2
329,svc-pkg-02,3
329,dest-0012,1
330,svc-hotel-06,2
330,svc-cruise-03,2
330,svc-hotel-03,4
330,svc-hotel-06,3
330,svc-cruise-01,2
330,dest-0043,2
330,dest-0050,1
330,svc-hotel-01,3
330,svc-cruise-02,3
330,svc-pkg-02,2
330,dest-0031,1
330,svc-cruise-03,2
330,svc-act-02,2
330,svc-hotel-03,4
331,dest-0014,2
331,svc-xfer-02,1
331,svc-pkg-01,1
332,svc-act-05,2
332,svc-act-06,3
332,svc-xfer-02,2
332,svc-act-06,2
333,dest-0026,3
333,svc-act-10,2
333,dest-0022,1
333,dest-0020,2
333,dest-0026,3
333,svc-hotel-03,3
333,svc-hotel-02,1
333,svc-pkg-01,1
333,svc-pkg-02,1
333,svc-hotel-01,1
333,svc-hotel-08,2
333,dest-0013,1
333,dest-0014,1
333,dest-0013,2
333,dest-0026,1
333,svc-cruise-01,2
333,svc-act-05,2
333,dest-0050,2
333,svc-act-10,2
333,svc-hotel-04,2
333,dest-0050,1
333,dest-0023,3
333,svc-hotel-07,2
333,dest-0017,2
333,svc-pkg-03,2
333,svc-act-10,1
333,svc-act-04,4
333,dest-0029,4
333,dest-0033,2
333,dest-0048,3
333,dest-0048,2
334,svc-hotel-03,5
334,svc-cruise-04,3
334,svc-cruise-03,2
334,svc-act-03,2
334,svc-act-04,2
334,svc-cruise-01,2
334,svc-pkg-06,1
334,svc-act-09,3
334,svc-hotel-01,3
334,svc-act-09,1
334,svc-hotel-06,4
334,svc-act-10,1
334,svc-cruise-04,2
334,dest-0035,2
334,svc-pkg-02,2
334,svc-cruise-02,2
334,svc-hotel-06,3
334,svc-act-06,2
334,dest-0022,1
334,svc-cruise-04,3
334,dest-0012,1
334,svc-act-01,1
334,svc-act-03,1
334,svc-act-01,2
334,svc-cruise-02,2
334,svc-cruise-01,3
334,dest-0058,3
334,svc-hotel-03,4
334,dest-0046,1
334,svc-cruise-03,1
334,dest-0003,2
334,svc-act-02,2
334,svc-cruise-02,3
334,svc-cruise-01,2
334,dest-0034,1
334,svc-act-07,1
335,svc-hotel-03,2
335,svc-hotel-08,2
335,svc-hotel-06,3
335,svc-act-03,4
335,svc-hotel-07,1
335,svc-cruise-01,3
336,svc-xfer-01,1
336,svc-act-01,2
336,svc-pkg-03,2
336,svc-pkg-02,5
337,svc-hotel-02,1
337,svc-hotel-05,4
337,dest-0030,2
337,dest-0005,3
337,svc-act-10,2
337,svc-act-05,1
337,svc-act-04,1
337,svc-act-07,3
337,svc-act-06,2
337,svc-hotel-08,2
337,svc-hotel-05,5
337,svc-hotel-02,2
337,svc-xfer-02,3
337,dest-0040,2
338,svc-hotel-07,2
338,svc-xfer-01,1
338,dest-0057,1
338,svc-act-01,4
338,svc-pkg-01,2
339,dest-0043,3
339,svc-xfer-02,2
339,svc-pkg-04,3
340,svc-cruise-01,2
340,svc-hotel-04,2
340,svc-hotel-01,2
341,dest-0002,1
341,svc-act-06,3
341,svc-act-02,4
341,dest-0033,1
341,dest-0052,1
341,svc-act-06,3
341,svc-hotel-04,3
341,dest-0028,2
341,svc-pkg-04,4
341,svc-pkg-04,3
341,svc-hotel-08,1
341,svc-act-06,1
341,svc-act-02,5
341,svc-act-06,1
341,dest-0017,2
341,svc-pkg-04,4
341,dest-0030,2
342,svc-xfer-02,2
342,dest-0037,2
342,dest-0017,2
343,svc-pkg-01,3
343,dest-0022,1
343,svc-act-09,2
343,svc-act-02,2
344,dest-0021,2
344,svc-hotel-01,3
344,svc-hotel-07,1
344,dest-0003,1
345,svc-hotel-08,2
345,svc-act-08,5
345,svc-pkg-05,2
345,dest-0032,1
345,svc-hotel-01,2
346,svc-cruise-01,1
346,svc-hotel-02,2
346,dest-0049,2
347,svc-cruise-01,1
347,dest-0045,2
347,svc-hotel-01,5
347,svc-hotel-06,1
347,svc-act-08,3
347,svc-cruise-01,3
347,svc-pkg-03,1
347,dest-0041,2
347,svc-hotel-01,5
347,svc-cruise-01,3
347,dest-0019,2
347,svc-act-03,4
347,dest-0055,2
347,dest-0007,1
347,svc-hotel-03,3
347,svc-pkg-03,2
347,dest-0050,2
347,svc-hotel-01,4
347,dest-0036,3
347,svc-act-08,3
347,svc-hotel-01,4
347,svc-hotel-06,4
347,dest-0037,1
347,dest-0040,2
347,dest-0005,1
347,svc-act-08,1
347,dest-0046,2
347,svc-cruise-03,3
347,svc-act-03,3
347,svc-cruise-03,2
347,dest-0031,2
348,svc-hotel-05,4
348,svc-hotel-02,1
348,svc-act-04,1
349,svc-cruise-04,3
349,svc-hotel-04,2
349,svc-xfer-01,1
349,svc-cruise-03,2
349,svc-hotel-06,2
349,dest-0025,1
349,svc-cruise-01,4
349,svc-hotel-01,2
350,dest-0052,3
350,svc-pkg-03,1
350,dest-0045,1
350,svc-hotel-06,3
350,svc-pkg-02,4
350,svc-pkg-03,3
350,dest-0002,2
350,svc-act-07,2
350,svc-hotel-06,1
350,svc-pkg-02,5
350,dest-0022,2
350,svc-act-01,1
350,dest-0020,2
351,svc-cruise-03,3
351,svc-cruise-04,1
351,svc-cruise-03,2
351,svc-cruise-04,4
351,svc-cruise-03,3
351,svc-act-02,2
351,dest-0046,2
351,svc-act-01,2
351,dest-0021,1
351,svc-cruise-02,1
351,svc-hotel-04,1
351,svc-act-07,2
351,svc-act-01,1
351,svc-xfer-03,3
351,svc-cruise-02,2
351,svc-act-10,1
351,svc-cruise-01,5
351,svc-xfer-02,3
351,svc-hotel-06,2
351,svc-hotel-07,2
351,svc-act-01,3
351,svc-hotel-02,1
351,svc-cruise-01,3
351,svc-act-08,2
351,svc-act-08,3
351,dest-0005,1
351,svc-act-09,1
351,svc-cruise-03,2
351,dest-0020,2
351,svc-act-07,2
351,dest-0037,3
351,dest-0001,1
351,svc-hotel-03,3
351,svc-xfer-01,2
352,dest-0036,2
352,svc-pkg-02,4
352,dest-0052,2
352,dest-0023,3
352,dest-0026,1
352,dest-0047,2
352,svc-hotel-03,4
352,svc-pkg-02,4
352,dest-0027,3
352,svc-hotel-03,4
352,svc-hotel-08,1
353,svc-hotel-06,3
353,svc-hotel-01,2
353,svc-hotel-06,1
353,svc-pkg-05,1
353,dest-0041,2
353,dest-0048,2
353,svc-hotel-07,3
353,svc-act-08,1
354,svc-xfer-02,2
354,dest-0003,2
354,dest-0017,2
354,svc-hotel-05,4
355,dest-0006,3
355,dest-0038,1
355,svc-act-04,2
355,svc-cruise-01,5
355,svc-xfer-01,3
356,svc-hotel-06,3
356,svc-cruise-01,3
356,svc-act-01,1
356,dest-0020,1
356,svc-cruise-03,4
356,svc-hotel-03,5
357,svc-pkg-06,4
357,svc-pkg-02,2
357,dest-0058,1
357,svc-act-03,4
358,dest-0013,3
358,dest-0004,2
358,svc-hotel-02,1
358,svc-hotel-05,1
358,dest-0013,2
358,dest-0049,2
358,svc-act-04,4
358,svc-hotel-03,3
359,svc-pkg-02,5
359,svc-pkg-02,3
359,svc-pkg-01,1
359,dest-0052,2
359,svc-pkg-04,2
359,svc-act-08,1
359,dest-0053,2
359,svc-hotel-03,4
359,dest-0011,1
360,svc-hotel-02,1
360,svc-act-09,2
360,svc-hotel-08,3
360,svc-pkg-01,1
360,svc-act-10,2
360,svc-hotel-07,1
360,svc-xfer-03,2
361,dest-0060,2
361,svc-act-09,2
361,svc-hotel-07,2
361,svc-hotel-08,3
361,svc-hotel-04,1
362,svc-cruise-04,3
362,svc-cruise-04,2
362,svc-cruise-04,3
362,svc-xfer-01,2
362,svc-cruise-01,5
362,dest-0057,1
362,svc-hotel-03,3
363,svc-pkg-02,4
363,svc-pkg-02,5
363,svc-act-05,2
363,dest-0050,1
363,svc-hotel-01,1
364,svc-act-07,3
364,svc-pkg-01,3
364,svc-xfer-01,1
364,dest-0021,3
364,svc-hotel-05,4
364,svc-act-07,1
364,svc-xfer-02,3
364,dest-0037,1
364,svc-act-06,1
364,svc-hotel-05,4
364,dest-0039,1
364,dest-0054,1
364,svc-hotel-02,1
364,dest-0029,1
364,svc-act-03,1
364,svc-hotel-08,2
364,svc-hotel-05,5
364,svc-hotel-02,4
364,dest-0014,2
364,svc-pkg-06,2
365,svc-pkg-02,5
365,svc-act-06,2
365,svc-hotel-03,4
366,svc-pkg-02,3
366,svc-act-03,1
366,dest-0018,1
366,dest-0026,1
366,dest-0020,3
366,svc-pkg-02,4
366,svc-act-10,1
366,svc-hotel-03,5
366,svc-act-09,1
366,dest-0034,1
366,svc-xfer-03,2
366,svc-act-06,3
366,svc-hotel-06,2
366,svc-act-05,3
366,svc-hotel-01,1
366,svc-xfer-01,2
366,svc-pkg-04,2
366,svc-act-08,2
366,svc-act-07,2
366,dest-0036,1
366,svc-hotel-02,2
367,svc-hotel-06,1
367,svc-act-03,1
367,svc-act-08,5
367,svc-hotel-02,2
367,dest-0041,1
368,svc-act-08,5
368,svc-pkg-05,3
368,svc-hotel-01,1
368,dest-0011,2
368,dest-0052,2
368,dest-0039,2
368,dest-0003,1
368,svc-xfer-02,3
368,svc-act-08,3
368,dest-0036,2
368,dest-0020,2
368,dest-0040,3
368,dest-0049,1
369,dest-0018,1
369,svc-hotel-01,2
369,svc-pkg-02,5
369,dest-0031,1
369,svc-pkg-06,1
369,svc-act-08,1
369,dest-0050,2
369,svc-act-02,2
369,dest-0057,3
369,dest-0056,3
369,svc-pkg-06,1
369,svc-act-07,3
369,svc-hotel-03,5
369,svc-xfer-03,1
369,svc-act-06,1
369,svc-act-09,1
369,svc-hotel-02,2
369,dest-0021,3
369,svc-hotel-01,1
369,svc-hotel-08,1
369,dest-0058,2
369,svc-hotel-03,5
369,svc-hotel-07,1
369,svc-act-07,1
369,svc-xfer-03,1
369,svc-hotel-03,5
370,svc-act-06,1
370,dest-0030,1
370,svc-pkg-02,4
370,svc-cruise-01,2
370,svc-cruise-04,2
370,svc-cruise-02,2
370,svc-act-05,2
370,svc-act-01,3
370,svc-hotel-03,4
370,svc-cruise-03,3
370,svc-pkg-02,3
370,svc-act-01,1
370,svc-cruise-03,1
370,svc-cruise-01,1
370,svc-act-06,1
370,svc-act-03,1
370,svc-hotel-06,3
370,svc-cruise-02,1
370,svc-hotel-03,3
371,dest-0040,3
371,svc-act-03,5
371,svc-pkg-03,2
371,svc-act-03,5
371,dest-0042,1
371,svc-pkg-04,2
371,svc-xfer-02,2
371,svc-act-09,1
371,dest-0016,2
371,svc-act-03,4
371,dest-0043,2
372,svc-act-09,2
372,svc-act-10,2
372,dest-0058,1
372,dest-0003,3
372,svc-act-07,1
372,svc-act-03,5
373,svc-cruise-03,3
373,svc-cruise-01,2
373,svc-act-09,2
373,svc-pkg-02,1
373,svc-act-03,2
374,dest-0060,1
374,svc-hotel-03,5
374,svc-cruise-04,3
374,svc-act-02,2
374,svc-act-05,2
375,dest-0053,1
375,svc-xfer-03,2
375,svc-act-06,2
375,svc-hotel-06,3
375,svc-act-06,3
375,svc-hotel-01,2
375,svc-hotel-03,4
375,svc-xfer-03,2
375,dest-0045,2
375,svc-act-05,2
375,svc-act-10,2
375,svc-act-03,2
375,svc-pkg-01,3
375,dest-0021,1
375,svc-act-09,3
375,svc-act-06,1
376,svc-act-03,2
376,svc-cruise-01,2
376,svc-pkg-05,2
376,svc-hotel-07,3
376,svc-cruise-01,3
376,svc-act-01,1
376,svc-hotel-04,2
377,svc-hotel-07,1
377,svc-hotel-01,4
377,svc-cruise-02,3
377,dest-0009,1
377,svc-act-08,3
378,svc-hotel-04,1
378,svc-cruise-01,2
378,svc-cruise-02,2
378,svc-hotel-01,4
378,svc-cruise-01,1
378,svc-act-05,2
378,svc-act-08,2
378,svc-cruise-04,1
378,svc-hotel-01,3
378,svc-pkg-02,3
378,dest-0054,2
378,svc-hotel-05,2
378,svc-cruise-03,1
378,svc-hotel-03,3
378,svc-pkg-02,4
378,svc-act-10,1
378,svc-cruise-03,3
378,dest-0017,1
378,dest-0044,2
378,svc-pkg-02,3
378,svc-act-01,3
378,svc-cruise-04,3
378,svc-act-09,1
378,svc-act-06,1
378,svc-pkg-06,2
378,svc-hotel-08,3
378,svc-hotel-07,1
378,svc-pkg-02,3
379,svc-hotel-05,2
379,dest-0056,3
379,svc-xfer-02,2
379,dest-0033,1
379,svc-act-09,1
380,svc-cruise-04,3
380,dest-0056,1
380,dest-0002,2
380,dest-0040,1
380,svc-act-07,2
381,dest-0020,1
381,svc-act-08,1
381,svc-xfer-02,3
381,svc-act-03,1
381,svc-act-03,2
381,svc-hotel-05,4
381,dest-0025,2
381,dest-0052,1
381,dest-0003,1
381,svc-hotel-02,4
381,dest-0049,2
381,svc-pkg-06,2
381,dest-0054,2
381,dest-0053,2
382,svc-act-03,5
382,svc-act-03,5
382,svc-act-09,3
382,dest-0017,1
382,svc-hotel-06,1
382,dest-0028,2
382,svc-act-09,3
382,svc-pkg-06,2
382,dest-0047,2
382,dest-0040,2
382,dest-0001,2
382,dest-0060,2
383,svc-pkg-03,3
383,dest-0049,3
383,dest-0040,2
383,dest-0014,2
383,svc-hotel-03,2
383,dest-0048,3
383,svc-act-04,3
383,dest-0018,2
383,svc-hotel-03,1
383,dest-0013,3
384,dest-0041,1
384,svc-act-06,2
384,svc-hotel-05,4
385,svc-act-01,1
385,svc-hotel-02,1
385,svc-pkg-04,1
385,svc-hotel-05,5
385,dest-0015,2
385,svc-act-06,2
385,svc-xfer-02,3
385,svc-act-05,2
385,svc-hotel-07,1
385,svc-hotel-05,4
385,svc-hotel-05,4
385,svc-pkg-05,2
385,dest-0056,2
385,svc-hotel-05,4
385,dest-0030,1
385,svc-hotel-02,3
385,svc-xfer-02,2
385,svc-act-04,1
385,svc-act-01,2
385,dest-0039,2
385,svc-xfer-02,1
385,dest-0012,1
385,dest-0031,3
385,svc-act-04,2
385,svc-act-10,3
385,dest-0014,1
385,dest-0031,1
385,dest-0020,2
385,svc-pkg-03,2
386,svc-hotel-08,2
386,dest-0020,2
386,svc-cruise-02,3
386,svc-act-06,1
386,svc-cruise-02,2
386,svc-cruise-01,4
386,svc-xfer-01,3
386,svc-cruise-04,2
386,svc-xfer-03,1
386,dest-0040,1
386,svc-cruise-03,2
386,dest-0022,2
386,svc-act-07,2
386,svc-act-05,1
386,svc-xfer-02,2
386,svc-cruise-03,2
387,dest-0021,3
387,dest-0045,1
387,dest-0003,2
388,svc-pkg-03,2
388,dest-0003,1
388,dest-0048,2
388,dest-0031,3
388,svc-hotel-03,1
388,dest-0007,2
388,dest-0005,1
388,dest-0031,2
388,svc-act-04,4
388,svc-act-01,1
388,dest-0019,3
388,svc-hotel-04,2
388,svc-cruise-01,2
388,svc-cruise-01,2
388,dest-0024,1
388,dest-0014,2
388,svc-cruise-03,2
389,svc-cruise-04,3
389,dest-0044,1
389,svc-act-01,2
389,dest-0052,1
389,svc-cruise-02,2
389,svc-act-03,4
389,svc-cruise-03,1
389,svc-xfer-01,1
389,svc-cruise-04,3
389,dest-0037,1
389,svc-cruise-01,3
389,svc-cruise-04,2
389,svc-hotel-07,1
389,svc-hotel-01,2
390,dest-0029,3
390,svc-xfer-02,2
390,dest-0008,2
390,svc-hotel-02,2
390,svc-xfer-02,3
390,svc-xfer-03,1
390,dest-0032,2
390,svc-xfer-01,1
391,svc-act-03,5
391,dest-0054,2
391,svc-pkg-06,1
391,svc-hotel-07,2
391,svc-hotel-08,3
392,svc-hotel-05,1
392,svc-act-08,5
392,svc-xfer-03,2
392,svc-hotel-04,2
392,svc-pkg-04,2
392,svc-hotel-01,1
392,dest-0020,1
392,dest-0006,2
392,svc-xfer-03,1
392,dest-0054,2
392,svc-act-08,4
392,svc-hotel-01,3
393,svc-pkg-05,4
393,svc-act-08,2
393,dest-0020,2
393,svc-hotel-01,1
393,svc-act-08,4
394,svc-pkg-02,4
394,svc-hotel-06,3
394,svc-pkg-02,4
394,svc-hotel-01,2
394,svc-act-09,2
394,svc-act-10,2
394,dest-0037,2
394,svc-cruise-04,2
394,dest-0002,2
395,svc-act-01,3
395,svc-act-01,4
395,svc-xfer-03,2
395,svc-act-05,1
395,dest-0022,1
395,dest-0060,1
395,svc-act-05,3
395,svc-hotel-04,3
395,svc-act-05,5
395,svc-hotel-04,1
395,svc-hotel-02,2
395,svc-act-01,4
395,svc-act-05,4
395,dest-0056,2
395,svc-pkg-02,2
395,svc-xfer-02,1
395,svc-act-03,3
395,dest-0037,1
395,svc-hotel-04,3
395,svc-act-10,2
395,dest-0038,1
395,dest-0032,2
395,dest-0001,2
395,svc-pkg-06,4
395,svc-pkg-06,2
395,dest-0053,1
395,dest-0032,1
395,dest-0015,1
395,dest-0005,1
395,svc-act-06,1
395,dest-0037,1
395,dest-0057,2
395,dest-0044,1
395,svc-pkg-06,3
395,svc-pkg-06,3
395,dest-0032,3
396,svc-hotel-03,3
396,dest-0049,2
396,svc-cruise-01,2
396,svc-cruise-01,3
396,dest-0031,3
396,dest-0029,1
396,svc-hotel-04,1
396,svc-hotel-07,1
396,dest-0004,3
396,svc-act-04,2
396,svc-pkg-01,2
396,dest-0003,2
396,dest-0025,3
396,svc-cruise-01,3
396,dest-0023,1
396,svc-hotel-01,2
396,svc-cruise-02,1
396,svc-cruise-03,1
396,svc-cruise-01,3
396,dest-0020,3
396,dest-0050,3
396,svc-act-02,2
396,dest-0014,2
396,svc-hotel-03,4
396,svc-act-01,1
396,dest-0039,1
396,svc-hotel-03,2
396,dest-0049,3
396,svc-hotel-03,3
396,svc-hotel-06,2
396,dest-0029,1
396,dest-0024,2
396,svc-pkg-03,3
396,dest-0026,2
396,dest-0008,1
397,svc-hotel-07,2
397,svc-pkg-02,4
397,svc-xfer-01,1
397,dest-0040,1
397,dest-0029,2
397,svc-act-04,1
398,svc-act-06,2
398,svc-act-08,4
398,svc-act-04,1
398,svc-xfer-01,3
398,svc-pkg-05,4
398,svc-hotel-03,3
398,svc-act-08,3
398,svc-pkg-02,2
398,svc-act-08,4
398,svc-hotel-04,1
398,svc-hotel-01,2
398,dest-0030,1
398,svc-xfer-02,3
398,dest-0047,2
398,dest-0023,2
398,svc-pkg-05,4
398,svc-pkg-03,2
398,svc-pkg-05,4
398,svc-hotel-03,3
398,svc-xfer-01,1
398,svc-act-10,3
398,dest-0016,2
398,svc-act-06,2
398,dest-0014,3
398,svc-hotel-06,3
398,svc-xfer-01,2
398,svc-xfer-03,2
398,dest-0007,1
399,svc-cruise-04,3
399,svc-hotel-03,1
399,svc-act-05,3
399,svc-act-05,1
399,dest-0050,3
399,svc-cruise-03,2
399,svc-cruise-01,5
399,svc-xfer-03,1
400,svc-act-05,5
400,svc-act-05,4
400,svc-hotel-04,2
400,svc-act-01,2
401,svc-act-02,4
401,dest-0057,2
401,svc-act-09,1
401,dest-0022,2
402,svc-hotel-08,1
402,dest-0017,2
402,dest-0044,2
402,svc-cruise-03,1
402,dest-0007,2
402,svc-cruise-04,1
402,dest-0048,2
402,svc-act-10,1
403,svc-pkg-04,1
403,svc-cruise-01,1
403,svc-cruise-01,2
403,svc-cruise-01,3
403,svc-act-08,1
403,svc-act-10,2
403,svc-act-10,1
403,svc-cruise-04,4
403,svc-cruise-04,4
403,dest-0008,2
403,svc-pkg-03,1
403,svc-cruise-02,3
403,svc-act-07,3
403,svc-pkg-06,3
403,svc-cruise-02,1
403,svc-act-05,3
403,svc-act-04,3
403,svc-hotel-07,1
403,svc-cruise-03,3
403,svc-act-03,1
403,dest-0055,3
403,svc-hotel-03,4
403,svc-cruise-04,2
403,svc-hotel-06,2
403,svc-act-07,1
403,svc-act-04,2
403,svc-hotel-05,2
403,svc-pkg-02,4
403,svc-act-08,2
403,svc-hotel-01,1
403,svc-hotel-02,3
403,svc-pkg-03,2
404,svc-xfer-01,2
404,svc-cruise-03,2
404,svc-xfer-02,2
404,svc-hotel-05,2
405,svc-cruise-01,4
405,svc-xfer-01,1
405,svc-hotel-08,3
405,svc-act-04,2
406,dest-0026,2
406,svc-act-03,5
406,dest-0018,1
406,svc-pkg-05,2
406,svc-act-09,2
406,svc-pkg-03,1
407,svc-xfer-03,3
407,svc-pkg-04,1
407,dest-0041,2
407,svc-act-05,1
408,dest-0015,1
408,dest-0006,2
408,svc-act-07,2
408,dest-0030,1
409,svc-pkg-03,2
409,svc-hotel-03,2
409,svc-hotel-08,2
409,svc-hotel-07,2
409,svc-pkg-05,3
409,svc-act-05,2
409,dest-0043,1
409,dest-0052,2
409,svc-hotel-01,5
409,svc-act-02,2
409,dest-0050,1
409,svc-hotel-06,2
409,svc-act-06,1
409,dest-0005,2
409,svc-act-07,2
409,svc-act-08,3
409,dest-0019,1
409,svc-cruise-04,1
409,dest-0047,2
409,svc-hotel-01,4
409,svc-act-03,3
409,dest-0009,2
409,dest-0060,1
409,svc-hotel-01,4
409,svc-hotel-06,3
409,svc-pkg-06,1
409,svc-cruise-01,3
409,dest-0034,3
409,svc-hotel-01,3
409,dest-0026,2
409,dest-0012,1
409,dest-0009,1
409,svc-cruise-01,2
409,svc-hotel-04,1
409,dest-0039,2
409,svc-pkg-04,1
409,svc-cruise-01,2
409,dest-0044,1
409,svc-act-03,3
410,svc-hotel-05,1
410,svc-hotel-01,3
410,dest-0028,2
410,svc-hotel-03,4
410,dest-0049,3
410,svc-act-05,2
410,svc-hotel-06,4
410,svc-pkg-02,5
410,dest-0018,1
410,dest-0021,1
410,svc-act-09,1
410,svc-hotel-03,4
410,svc-pkg-02,4
410,svc-hotel-08,1
410,svc-pkg-05,2
410,svc-act-10,3
410,svc-hotel-06,4
410,svc-act-07,1
410,dest-0007,2
410,svc-xfer-01,3
410,svc-act-03,2
411,svc-pkg-04,2
411,svc-pkg-05,2
411,dest-0016,1
411,svc-act-03,5
411,dest-0012,2
411,svc-hotel-06,2
412,svc-act-08,3
412,dest-0002,1
412,svc-hotel-03,4
412,svc-act-07,1
412,svc-xfer-03,2
412,dest-0053,1
412,dest-0015,3
412,svc-hotel-05,3
412,svc-pkg-02,4
412,svc-pkg-03,2
412,svc-hotel-06,4
412,svc-hotel-03,5
412,svc-act-03,2
412,svc-pkg-02,5
413,svc-act-02,2
413,dest-0046,2
413,dest-0060,3
413,svc-hotel-02,1
414,svc-hotel-02,2
414,dest-0014,1
414,svc-hotel-07,1
414,svc-act-01,2
414,svc-act-03,2
414,dest-0018,2
414,svc-cruise-01,3
415,svc-hotel-03,1
415,dest-0017,1
415,svc-hotel-02,1
416,svc-act-10,2
416,svc-hotel-01,2
416,svc-act-02,5
416,svc-act-08,1
416,svc-act-06,1
416,svc-act-05,2
416,dest-0020,2
416,svc-act-02,5
416,svc-act-02,4
416,svc-hotel-04,1
416,dest-0036,1
416,svc-act-08,2
416,dest-0002,1
416,svc-hotel-05,1
416,dest-0055,1
416,dest-0034,2
416,svc-act-09,3
416,svc-act-03,1
416,dest-0057,3
416,svc-pkg-04,2
416,svc-pkg-02,1
416,svc-pkg-05,2
416,svc-act-06,3
416,svc-hotel-01,1
416,dest-0037,2
417,svc-cruise-04,3
417,svc-cruise-01,5
417,dest-0020,2
418,dest-0002,1
418,svc-act-06,1
418,svc-act-04,2
418,svc-cruise-02,2
418,dest-0055,1
419,dest-0020,2
419,dest-0060,2
419,svc-xfer-03,1
419,svc-hotel-08,1
419,svc-hotel-03,3
419,svc-pkg-05,3
420,svc-cruise-01,2
420,svc-pkg-02,2
420,svc-cruise-04,4
420,svc-hotel-06,1
421,svc-cruise-04,3
421,svc-cruise-04,1
421,dest-0029,2
421,svc-hotel-03,3
421,svc-hotel-06,3
422,svc-pkg-03,2
422,svc-act-09,2
422,dest-0050,1
422,svc-act-02,4
423,svc-cruise-01,2
423,svc-cruise-03,2
423,dest-0041,3
423,dest-0021,1
423,svc-cruise-02,1
424,svc-act-05,1
424,svc-pkg-04,3
424,svc-act-07,1
425,dest-0035,1
425,svc-act-02,3
425,svc-hotel-02,2
425,dest-0037,2
425,dest-0058,3
425,dest-0002,2
426,dest-0050,3
426,svc-act-03,3
426,svc-hotel-01,3
426,dest-0024,1
426,svc-cruise-04,2
426,svc-hotel-06,3
426,svc-pkg-06,2
426,dest-0018,1
426,svc-hotel-03,1
426,svc-hotel-01,4
426,svc-hotel-06,3
426,svc-hotel-04,1
426,svc-act-03,2
426,svc-act-10,2
426,svc-hotel-01,4
426,svc-hotel-06,2
426,svc-cruise-01,3
426,svc-hotel-08,1
426,svc-cruise-01,1
426,svc-pkg-03,2
426,svc-hotel-05,1
426,dest-0049,1
426,svc-pkg-05,2
426,svc-pkg-04,3
426,svc-cruise-01,3
426,svc-cruise-03,2
426,dest-0010,2
426,svc-act-08,1
426,dest-0057,1
426,dest-0047,2
427,dest-0023,3
427,dest-0017,1
427,svc-hotel-07,1
427,svc-act-02,3
427,dest-0003,1
427,dest-0008,2
427,svc-xfer-01,2
427,dest-0033,2
427,svc-act-08,2
427,dest-0010,1
427,svc-act-10,1
427,svc-hotel-02,2
427,svc-xfer-02,3
427,dest-0060,2
427,svc-hotel-02,3
427,svc-hotel-05,5
427,svc-act-04,3
427,svc-hotel-05,5
427,svc-hotel-01,3
427,dest-0046,1
427,dest-0051,2
427,dest-0022,3
427,dest-0026,2
427,svc-xfer-03,2
427,svc-hotel-05,3
427,svc-hotel-02,2
427,svc-act-09,1
427,svc-act-02,1
427,svc-hotel-04,3
427,dest-0050,1
427,dest-0056,1
427,dest-0044,1
427,dest-0037,1
427,svc-hotel-05,5
427,svc-act-05,1
427,dest-0028,1
427,svc-hotel-01,1
427,svc-hotel-08,2
427,svc-act-04,1
427,svc-act-09,2
427,svc-hotel-07,2
427,svc-hotel-02,3
427,dest-0006,1
427,svc-xfer-03,3
428,svc-act-03,2
428,dest-0029,2
428,svc-hotel-08,2
428,svc-hotel-02,2
428,svc-cruise-04,3
428,svc-cruise-03,1
428,svc-cruise-01,3
428,svc-hotel-05,2
428,svc-cruise-04,4
428,svc-cruise-04,3
428,svc-xfer-03,2
428,svc-cruise-03,3
428,svc-act-01,1
428,dest-0034,1
429,svc-act-08,4
429,dest-0009,3
429,svc-pkg-05,3
429,svc-pkg-05,3
429,dest-0015,1
429,svc-pkg-06,2
429,svc-act-08,4
429,svc-hotel-03,3
429,svc-xfer-01,3
430,svc-pkg-05,4
430,svc-hotel-01,5
430,svc-hotel-06,1
431,svc-hotel-03,4
431,svc-pkg-02,4
431,svc-act-09,1
431,svc-act-09,2
431,dest-0031,1
431,svc-hotel-03,5
431,svc-act-08,1
431,svc-xfer-03,2
431,svc-act-10,2
431,svc-hotel-01,2
431,svc-hotel-02,1
431,svc-pkg-05,3
431,svc-act-03,1
431,dest-0060,2
431,dest-0040,3
432,svc-act-01,2
432,svc-act-06,1
432,svc-act-08,2
432,svc-act-02,3
432,svc-hotel-02,1
432,svc-act-04,1
432,svc-hotel-05,1
432,svc-pkg-01,1
432,dest-0003,2
432,svc-act-10,1
432,svc-act-02,5
432,svc-hotel-02,2
432,svc-pkg-04,3
432,svc-act-02,5
432,svc-pkg-05,3
432,svc-act-02,5
432,dest-0015,3
432,dest-0042,2
433,svc-pkg-06,1
433,svc-pkg-05,1
433,svc-act-08,5
433,dest-0038,1
433,dest-0022,2
433,dest-0043,3
433,svc-xfer-01,1
433,svc-pkg-05,2
433,svc-hotel-08,3
433,svc-hotel-07,1
433,svc-hotel-06,1
433,svc-hotel-03,1
433,dest-0022,2
433,svc-xfer-02,2
433,svc-pkg-02,2
433,svc-xfer-03,1
433,svc-pkg-02,2
433,svc-xfer-01,3
434,svc-hotel-06,2
434,dest-0048,2
434,dest-0016,2
434,svc-pkg-03,2
434,svc-act-08,3
434,svc-act-04,2
434,dest-0050,2
435,dest-0040,2
435,dest-0056,3
435,svc-pkg-04,4
435,svc-act-02,4
435,dest-0029,2
435,svc-act-02,4
435,svc-hotel-04,2
435,dest-0015,1
435,svc-act-06,3
435,dest-0021,2
435,svc-act-01,1
435,svc-pkg-04,4
435,dest-0031,1
435,dest-0005,2
435,svc-act-06,1
435,svc-pkg-04,3
435,dest-0013,3
435,svc-xfer-01,1
435,dest-0059,2
435,dest-0007,1
435,svc-hotel-03,1
435,dest-0024,1
435,svc-hotel-06,1
435,svc-hotel-02,3
436,svc-act-03,5
436,dest-0042,1
436,svc-pkg-04,1
437,svc-hotel-05,2
437,svc-act-10,3
437,svc-act-02,4
437,dest-0005,2
437,svc-hotel-08,2
437,dest-0036,2
437,svc-pkg-04,4
437,svc-hotel-04,2
437,svc-hotel-06,3
437,svc-act-06,3
438,dest-0032,2
438,svc-act-08,4
438,svc-pkg-05,3
438,dest-0034,1
438,dest-0057,2
438,dest-0020,1
438,svc-hotel-08,3
438,svc-act-03,1
438,svc-pkg-01,1
438,svc-hotel-02,3
438,svc-pkg-05,5
438,svc-hotel-06,1
438,svc-hotel-08,1
439,svc-cruise-01,2
439,svc-hotel-04,1
439,svc-cruise-03,1
440,svc-act-04,3
440,svc-cruise-04,3
440,svc-hotel-03,2
440,svc-cruise-02,2
440,svc-xfer-01,2
440,svc-hotel-04,3
440,svc-cruise-01,5
440,svc-act-06,3
440,svc-cruise-04,3
440,svc-act-07,1
440,svc-cruise-03,2
440,svc-cruise-02,3
440,svc-cruise-01,4
441,svc-pkg-03,2
441,svc-hotel-08,2
441,dest-0020,3
441,dest-0042,3
441,svc-pkg-05,1
441,svc-cruise-03,2
441,svc-hotel-06,2
441,svc-hotel-01,3
441,svc-hotel-06,2
441,svc-hotel-06,3
441,dest-0012,2
441,svc-cruise-01,2
441,svc-cruise-01,4
442,dest-0041,1
442,svc-hotel-04,3
442,dest-0053,1
442,svc-hotel-05,4
442,dest-0056,2
442,dest-0004,3
442,svc-hotel-01,1
442,svc-pkg-04,2
442,svc-hotel-02,1
442,svc-hotel-02,3
442,dest-0008,3
442,dest-0043,1
442,dest-0052,2
442,dest-0022,1
442,dest-0019,3
442,svc-act-06,1
442,dest-0042,1
442,svc-act-07,3
442,svc-xfer-02,3
442,svc-act-02,1
442,dest-0044,2
443,dest-0048,2
443,svc-xfer-01,1
443,svc-cruise-04,4
443,svc-cruise-01,4
443,svc-cruise-02,2
443,svc-hotel-01,2
443,dest-0027,3
443,svc-cruise-03,2
444,svc-act-08,5
444,svc-pkg-05,3
444,svc-hotel-01,2
444,svc-pkg-05,1
444,svc-pkg-05,1
444,svc-xfer-02,1
444,svc-pkg-03,2
444,svc-xfer-02,2
444,svc-act-09,3
444,svc-hotel-08,3
444,svc-act-08,5
444,svc-act-06,1
444,svc-pkg-05,4
445,svc-pkg-05,3
445,dest-0058,3
445,svc-act-05,1
445,svc-hotel-03,5
445,svc-hotel-08,2
445,svc-pkg-02,4
445,svc-pkg-02,5
445,dest-0007,2
445,svc-act-01,1
446,dest-0009,1
446,svc-hotel-03,2
446,svc-act-08,4
446,svc-act-07,1
447,dest-0013,3
447,svc-hotel-05,3
447,svc-pkg-04,2
447,dest-0059,3
447,dest-0023,3
447,dest-0056,2
448,svc-act-06,3
448,svc-pkg-04,4
448,svc-act-02,4
448,svc-hotel-07,2
448,dest-0031,1
448,svc-act-08,3
448,svc-hotel-01,1
448,dest-0044,3
448,svc-act-02,5
448,svc-hotel-04,1
448,svc-act-02,4
449,dest-0034,1
449,dest-0052,1
449,svc-xfer-01,1
449,dest-0027,2
449,svc-act-01,1
449,dest-0036,1
450,svc-act-02,5
450,svc-act-06,1
450,svc-xfer-01,1
450,dest-0002,3
450,svc-pkg-04,3
450,svc-act-06,3
450,svc-pkg-06,3
450,dest-0010,2
450,svc-act-06,5
450,dest-0002,3
450,dest-0030,1
450,svc-act-04,1
450,svc-act-08,2
450,dest-0050,1
450,dest-0043,1
450,svc-act-05,2
451,svc-act-04,1
451,svc-act-06,2
451,svc-hotel-02,1
451,svc-act-02,1
451,svc-act-10,2
451,dest-0026,1
452,svc-hotel-02,2
452,svc-act-09,2
452,svc-hotel-08,1
452,svc-hotel-04,2
452,dest-0045,3
452,dest-0037,2
452,svc-pkg-05,1
452,svc-act-09,2
452,svc-xfer-01,3
452,svc-act-06,2
452,svc-act-03,4
453,dest-0047,2
453,svc-act-07,3
453,svc-act-06,1
453,dest-0006,1
454,svc-pkg-03,1
454,dest-0040,1
454,svc-hotel-06,1
454,svc-act-08,1
455,svc-act-03,4
455,dest-0036,1
455,dest-0043,1
455,svc-xfer-02,1
455,dest-0008,3
455,svc-hotel-02,1
455,svc-act-09,2
455,dest-0031,2
455,dest-0046,2
455,svc-hotel-03,2
455,svc-act-01,2
455,svc-act-04,2
456,svc-cruise-03,3
456,svc-cruise-03,2
456,svc-act-07,1
457,svc-hotel-02,2
457,dest-0051,2
457,dest-0017,1
457,dest-0054,2
457,svc-act-07,1
457,dest-0047,1
457,dest-0029,1
457,svc-hotel-05,5
457,dest-0047,1
457,svc-xfer-02,1
457,dest-0010,1
457,dest-0028,3
457,dest-0058,1
457,svc-hotel-04,3
457,dest-0028,1
457,dest-0046,2
457,svc-act-08,1
457,svc-act-01,2
457,svc-xfer-01,2
457,dest-0007,2
457,svc-hotel-05,5
457,svc-act-06,3
457,svc-act-04,1
457,dest-0055,2
458,svc-cruise-03,1
458,svc-cruise-04,2
458,svc-pkg-02,5
458,svc-act-07,2
458,svc-hotel-06,3
458,svc-act-05,1
458,svc-cruise-04,1
458,svc-pkg-02,3
458,svc-cruise-01,1
458,dest-0006,1
458,svc-act-02,2
458,svc-act-04,2
458,dest-0051,3
458,svc-cruise-02,3
459,svc-act-03,3
459,svc-cruise-02,1
459,dest-0005,3
459,svc-cruise-04,2
459,dest-0043,1
459,svc-hotel-01,3
459,dest-0006,2
459,svc-hotel-05,1
459,dest-0033,1
459,svc-cruise-04,2
459,dest-0040,3
459,dest-0018,2
460,dest-0006,2
460,svc-cruise-04,2
460,svc-act-03,2
460,svc-cruise-03,1
461,svc-cruise-01,1
461,svc-hotel-08,1
461,dest-0035,3
461,svc-hotel-06,2
461,svc-hotel-01,5
461,svc-hotel-01,4
461,dest-0044,2
461,svc-hotel-01,3
461,svc-hotel-06,4
461,dest-0050,1
462,dest-0043,2
462,dest-0006,1
462,svc-act-10,2
462,svc-hotel-05,5
463,dest-0021,2
463,svc-act-08,5
463,dest-0006,3
463,svc-act-08,5
463,svc-pkg-04,2
463,svc-pkg-05,2
463,dest-0047,2
463,svc-act-04,2
463,svc-xfer-02,3
463,svc-xfer-02,1
463,dest-0023,3
463,dest-0059,1
463,svc-pkg-05,2
463,svc-pkg-06,1
463,svc-hotel-01,2
463,svc-hotel-02,2
463,svc-hotel-08,2
463,svc-pkg-01,3
463,svc-xfer-03,2
463,svc-pkg-03,1
463,dest-0049,2
463,svc-xfer-03,1
463,svc-pkg-04,2
463,svc-act-06,2
463,dest-0060,2
463,svc-xfer-02,2
463,dest-0028,1
463,svc-xfer-01,3
463,svc-hotel-06,2
464,svc-hotel-05,4
464,svc-hotel-02,2
464,svc-hotel-05,4
464,dest-0023,2
464,dest-0048,1
464,svc-pkg-01,1
464,svc-act-03,2
464,svc-xfer-02,1
464,dest-0028,3
465,svc-pkg-06,3
465,svc-cruise-03,2
465,svc-act-03,2
465,dest-0049,1
465,svc-pkg-05,1
465,dest-0034,2
465,svc-hotel-01,1
465,svc-cruise-02,3
465,dest-0002,2
465,svc-hotel-02,3
466,svc-act-06,1
466,dest-0016,1
466,dest-0018,1
466,svc-act-02,4
466,svc-act-07,2
466,dest-0027,1
466,svc-hotel-07,1
466,svc-pkg-04,5
466,dest-0023,2
467,svc-pkg-06,2
467,svc-act-05,4
467,dest-0048,1
467,svc-act-01,2
468,dest-0004,1
468,dest-0023,1
468,svc-pkg-05,2
468,dest-0034,2
469,dest-0052,1
469,dest-0052,3
469,svc-pkg-05,1
470,svc-hotel-06,5
470,svc-pkg-02,2
470,svc-cruise-01,3
470,svc-hotel-01,4
470,svc-pkg-05,2
470,svc-hotel-07,3
470,svc-hotel-01,3
470,dest-0033,2
470,svc-hotel-01,3
470,svc-cruise-02,1
470,dest-0039,2
470,dest-0047,1
470,svc-pkg-03,2
470,dest-0049,3
471,svc-pkg-05,3
471,svc-xfer-02,2
471,dest-0036,2
471,dest-0032,3
471,dest-0005,2
471,svc-hotel-05,4
471,dest-0060,2
471,svc-act-04,3
472,svc-hotel-02,2
472,svc-cruise-03,2
472,svc-hotel-03,4
472,svc-act-08,2
472,svc-act-01,1
472,svc-act-06,2
472,dest-0025,2
472,svc-cruise-01,3
472,svc-hotel-06,3
472,svc-pkg-02,2
472,svc-act-04,2
472,svc-cruise-04,2
472,svc-cruise-03,3
472,svc-act-04,2
472,svc-pkg-02,3
472,svc-act-07,1
472,svc-cruise-04,1
472,svc-cruise-02,3
472,svc-hotel-06,1
472,svc-hotel-01,2
473,dest-0015,1
473,svc-hotel-06,1
473,svc-act-05,2
473,svc-hotel-06,2
473,dest-0011,1
473,svc-act-08,2
473,dest-0028,2
474,dest-0038,1
474,dest-0010,3
474,dest-0019,1
474,svc-act-10,2
474,svc-act-03,1
474,svc-xfer-02,3
474,svc-hotel-02,2
474,svc-act-05,3
474,svc-act-04,2
474,svc-pkg-01,2
474,svc-act-04,3
474,dest-0006,2
475,dest-0052,3
475,svc-pkg-02,4
475,dest-0022,2
476,dest-0045,2
476,svc-xfer-03,2
476,svc-cruise-01,4
476,dest-0038,3
476,svc-act-05,1
476,dest-0030,2
476,svc-cruise-03,2
477,svc-xfer-01,1
477,svc-act-06,1
477,svc-pkg-03,1
477,dest-0025,1
478,svc-act-09,2
478,svc-act-01,3
478,dest-0037,1
478,dest-0013,1
478,dest-0033,2
478,svc-hotel-04,1
478,svc-hotel-08,3
478,svc-act-03,5
478,dest-0060,2
479,svc-pkg-05,2
479,svc-cruise-01,2
479,dest-0023,1
480,svc-cruise-01,3
480,svc-cruise-04,2
480,svc-pkg-04,1
480,svc-hotel-03,5
480,svc-cruise-01,4
480,svc-cruise-02,2
480,svc-pkg-02,4
480,svc-pkg-02,2
480,svc-cruise-01,2
480,svc-hotel-06,4
480,svc-cruise-02,3
480,dest-0019,1
480,svc-cruise-03,2
480,svc-hotel-01,3
480,svc-act-04,3
480,dest-0053,1
480,svc-cruise-01,3
480,svc-hotel-01,2
481,svc-hotel-04,2
481,dest-0010,1
481,svc-act-01,3
481,svc-act-10,1
482,svc-hotel-03,2
482,dest-0048,2
482,svc-hotel-03,3
482,svc-hotel-05,1
482,svc-hotel-02,1
482,dest-0048,2
482,svc-hotel-08,1
482,svc-act-04,2
482,dest-0013,1
482,dest-0050,1
482,svc-cruise-01,3
482,svc-act-04,2
482,svc-act-10,2
482,dest-0029,3
483,dest-0044,2
483,dest-0042,1
483,svc-hotel-05,5
483,dest-0049,2
483,dest-0011,1
483,svc-hotel-05,4
483,dest-0049,3
483,dest-0004,3
483,svc-xfer-02,3
483,dest-0035,1
483,svc-hotel-05,5
483,dest-0004,2
484,svc-act-05,4
484,svc-act-05,3
484,dest-0043,2
484,dest-0047,1
484,svc-act-07,3
484,svc-hotel-04,2
485,svc-hotel-02,2
485,svc-hotel-03,4
485,svc-pkg-02,4
485,svc-act-02,1
485,dest-0037,1
485,svc-hotel-01,2
485,svc-act-01,2
485,svc-hotel-08,1
485,svc-hotel-06,2
485,svc-xfer-02,3
485,dest-0016,2
486,svc-hotel-07,2
486,dest-0024,2
486,dest-0048,2
486,dest-0044,2
487,dest-0060,3
487,svc-act-03,5
487,svc-xfer-03,2
487,svc-pkg-04,1
488,dest-0048,1
488,svc-xfer-03,1
488,svc-hotel-07,2
488,svc-xfer-01,2
488,svc-act-03,2
488,dest-0011,2
489,svc-hotel-03,2
489,dest-0017,1
489,svc-hotel-05,5
490,svc-act-10,2
490,svc-hotel-05,3
490,dest-0054,2
490,dest-0014,3
490,dest-0002,3
490,dest-0041,3
491,svc-hotel-03,3
491,dest-0016,1
491,svc-act-03,5
492,svc-pkg-04,4
492,svc-hotel-06,3
492,svc-pkg-04,2
493,svc-hotel-08,3
493,svc-act-06,3
493,dest-0048,1
493,svc-xfer-01,2
493,svc-act-06,3
493,svc-xfer-03,2
493,dest-0047,2
493,svc-hotel-06,1
493,dest-0017,1
493,svc-act-07,1
493,svc-hotel-03,2
493,svc-hotel-05,1
493,svc-pkg-04,3
493,dest-0056,3
493,dest-0050,1
493,svc-act-05,2
493,svc-act-02,4
493,dest-0048,1
493,dest-0014,1
493,svc-pkg-04,4
493,svc-act-01,1
493,dest-0034,3
493,svc-pkg-04,2
493,svc-act-01,1
494,svc-cruise-04,4
494,dest-0033,2
494,svc-cruise-02,3
494,dest-0029,2
494,svc-cruise-01,4
494,svc-act-05,2
494,dest-0017,2
494,svc-cruise-01,3
494,svc-cruise-02,1
494,svc-cruise-01,4
494,svc-xfer-02,1
494,dest-0047,3
494,svc-cruise-03,3
494,svc-hotel-05,3
494,svc-xfer-03,3
494,svc-cruise-03,2
494,dest-0037,2
494,svc-cruise-01,5
494,svc-cruise-02,2
494,svc-cruise-04,3
494,svc-cruise-04,4
494,svc-hotel-08,3
494,dest-0055,1
494,dest-0004,2
494,dest-0048,2
494,dest-0018,2
494,svc-xfer-02,1
494,dest-0028,1
494,svc-hotel-05,3
494,svc-cruise-04,5
494,svc-hotel-02,2
494,dest-0005,2
494,dest-0015,2
494,dest-0003,1
494,dest-0036,1
494,svc-act-04,1
494,svc-hotel-07,1
494,dest-0004,2
495,svc-hotel-08,3
495,svc-pkg-05,3
495,dest-0026,1
495,dest-0017,1
495,svc-hotel-03,3
495,svc-hotel-07,2
495,dest-0019,1
495,svc-act-05,2
495,dest-0046,3
495,svc-hotel-01,3
495,svc-xfer-01,3
495,svc-hotel-05,1
495,svc-pkg-05,1
496,svc-hotel-07,3
496,svc-xfer-03,1
496,svc-cruise-04,2
496,svc-act-03,1
497,svc-hotel-03,3
497,svc-hotel-06,2
497,svc-hotel-06,2
497,dest-0029,1
497,svc-hotel-02,1
497,svc-cruise-01,3
497,svc-hotel-08,3
497,svc-cruise-02,2
497,svc-hotel-01,3
497,svc-cruise-01,2
497,svc-hotel-01,3
497,svc-hotel-05,1
497,svc-act-10,1
497,dest-0046,1
497,svc-hotel-06,3
497,svc-act-02,2
497,dest-0056,2
497,svc-cruise-02,2
497,dest-0055,3
497,svc-pkg-01,1
497,svc-pkg-03,2
497,svc-cruise-03,2
497,dest-0058,1
497,dest-0010,1
497,svc-pkg-06,1
497,svc-pkg-02,3
497,svc-cruise-03,1
497,svc-pkg-03,2
497,svc-act-03,2
497,svc-pkg-03,3
497,svc-cruise-02,3
497,dest-0053,1
497,dest-0049,2
497,svc-act-03,3
497,dest-0049,1
497,svc-pkg-05,1
497,svc-pkg-01,2
498,svc-cruise-04,2
498,svc-act-01,2
498,svc-cruise-01,2
499,dest-0029,1
499,svc-hotel-03,2
499,svc-act-04,4
499,svc-cruise-01,1
499,dest-0025,1
500,svc-hotel-01,1
500,dest-0037,1
500,svc-pkg-05,2
500,svc-act-05,2
500,svc-act-10,2
500,svc-act-01,1
500,svc-hotel-05,2
500,svc-xfer-02,3
500,dest-0042,2
500,svc-act-06,2
501,dest-0037,2
501,svc-xfer-02,1
501,dest-0045,3
501,svc-hotel-03,5
501,svc-pkg-06,1
501,dest-0046,1
501,svc-hotel-03,4
502,svc-act-01,4
502,svc-act-05,3
502,dest-0058,1
502,svc-hotel-04,3
502,svc-xfer-03,2
502,svc-hotel-04,3
502,svc-act-09,1
502,svc-act-05,4
502,svc-pkg-02,2
502,dest-0044,2
502,svc-hotel-04,3
502,svc-act-08,2
502,svc-act-01,2
502,svc-act-01,3
502,dest-0050,2
502,dest-0017,2
502,dest-0047,2
502,dest-0030,1
502,svc-xfer-01,1
502,svc-xfer-01,3
502,dest-0037,1
502,dest-0014,2
502,dest-0043,1
502,dest-0023,1
502,dest-0021,2
502,svc-act-06,2
502,dest-0007,1
502,dest-0052,2
502,svc-pkg-06,3
502,dest-0059,1
502,dest-0028,3
502,svc-act-04,1
502,svc-act-03,1
502,dest-0012,1
502,dest-0026,2
502,svc-hotel-07,1
502,dest-0033,1
502,dest-0003,2
503,svc-hotel-08,1
503,svc-hotel-05,1
503,svc-act-09,3
503,svc-act-03,4
504,svc-pkg-02,4
504,svc-hotel-03,3
504,svc-cruise-02,2
504,svc-pkg-01,3
504,svc-hotel-01,1
504,svc-hotel-08,1
504,svc-cruise-01,1
504,svc-act-04,1
504,svc-cruise-01,2
504,svc-cruise-03,3
504,svc-pkg-02,2
504,svc-cruise-01,3
504,svc-cruise-02,3
504,svc-act-02,2
504,svc-act-05,2
505,svc-act-07,1
505,dest-0051,1
505,svc-hotel-05,5
505,dest-0041,1
505,dest-0035,1
505,dest-0060,2
505,svc-hotel-01,2
505,svc-hotel-05,3
505,dest-0011,3
505,svc-act-06,1
506,svc-pkg-05,2
506,svc-hotel-02,3
506,svc-pkg-06,1
506,dest-0039,1
506,svc-pkg-05,3
506,svc-pkg-02,4
506,svc-act-06,2
506,svc-act-08,2
506,svc-act-01,2
506,dest-0032,1
506,svc-hotel-08,2
506,svc-hotel-05,2
506,svc-act-02,2
506,dest-0031,2
506,dest-0057,1
506,svc-act-07,3
506,dest-0001,1
507,svc-cruise-01,5
507,dest-0030,1
507,svc-hotel-02,2
507,svc-cruise-01,5
507,svc-act-07,1
507,svc-cruise-03,1
508,svc-act-04,3
508,dest-0026,3
508,svc-hotel-03,1
508,dest-0026,2
508,dest-0050,2
508,svc-cruise-01,1
508,svc-hotel-06,2
508,svc-hotel-02,1
508,dest-0049,2
508,svc-act-04,2
508,dest-0029,2
509,svc-act-03,1
509,svc-act-06,3
509,svc-xfer-03,1
509,dest-0054,1
509,dest-0003,3
509,dest-0025,2
509,svc-pkg-04,1
509,svc-pkg-01,1
509,svc-hotel-01,2
509,svc-hotel-07,1
509,svc-act-08,2
509,svc-pkg-01,2
509,svc-pkg-06,2
509,svc-pkg-03,1
509,dest-0017,2
509,dest-0014,2
509,svc-act-10,2
509,svc-act-02,1
509,svc-act-06,2
509,dest-0041,2
509,svc-pkg-01,3
509,svc-act-05,1
509,svc-hotel-03,5
509,svc-pkg-01,1
510,svc-pkg-05,3
510,dest-0011,2
510,svc-hotel-08,1
511,dest-0029,2
511,dest-0048,1
511,dest-0021,2
511,svc-hotel-03,3
511,dest-0045,2
511,svc-hotel-02,2
512,svc-hotel-03,3
512,dest-0014,2
512,svc-pkg-03,1
512,svc-hotel-04,2
512,svc-cruise-04,2
512,svc-pkg-03,3
512,svc-hotel-03,2
513,dest-0020,3
513,svc-cruise-04,3
513,svc-cruise-01,3
513,svc-act-08,2
513,svc-act-09,1
513,svc-act-07,1
513,svc-cruise-04,3
513,svc-cruise-02,2
513,dest-0035,1
513,svc-xfer-01,1
513,svc-cruise-03,2
513,svc-hotel-05,3
513,svc-act-01,1
514,dest-0033,3
514,dest-0015,1
514,svc-act-06,3
514,dest-0025,1
515,svc-pkg-06,3
515,svc-act-02,1
515,svc-hotel-04,3
516,svc-pkg-06,2
516,svc-act-03,1
516,svc-act-03,1
516,svc-hotel-01,2
516,dest-0039,2
516,dest-0037,2
516,dest-0050,3
516,svc-hotel-02,2
516,dest-0028,2
516,svc-hotel-05,4
516,dest-0058,2
516,svc-hotel-03,1
516,svc-hotel-01,2
516,dest-0021,2
516,svc-hotel-04,1
516,dest-0056,1
516,dest-0004,1
516,dest-0002,1
516,svc-xfer-02,2
516,svc-act-07,1
516,svc-xfer-03,1
516,dest-0006,1
516,svc-act-02,1
516,svc-act-07,3
516,svc-act-05,3
516,dest-0049,3
516,svc-xfer-02,2
516,dest-0015,1
516,svc-hotel-05,4
516,dest-0041,3
516,svc-hotel-02,2
516,svc-act-05,3
516,dest-0011,2
516,svc-pkg-01,1
516,dest-0058,3
516,dest-0012,4
516,svc-hotel-07,2
516,svc-act-04,1
516,dest-0033,1
516,svc-act-09,2
517,svc-pkg-06,1
517,svc-xfer-03,1
517,svc-xfer-02,2
517,svc-act-07,2
517,svc-hotel-08,2
517,svc-hotel-06,1
517,svc-hotel-01,2
517,dest-0018,1
517,svc-pkg-06,2
517,svc-act-09,1
518,svc-cruise-04,3
518,dest-0057,1
518,svc-xfer-03,3
519,svc-act-02,5
519,svc-act-06,2
519,svc-pkg-04,3
520,dest-0031,1
520,dest-0010,1
520,svc-hotel-04,1
520,svc-xfer-01,1
520,svc-act-05,4
521,svc-cruise-02,1
521,svc-xfer-02,2
521,svc-act-03,1
522,dest-0001,2
522,svc-hotel-03,2
522,dest-0042,2
522,dest-0042,1
522,svc-hotel-03,2
522,dest-0025,2
522,svc-act-06,1
522,svc-hotel-01,1
522,svc-hotel-04,1
522,svc-hotel-06,3
522,svc-hotel-03,2
522,dest-0005,1
523,svc-cruise-02,2
523,svc-cruise-03,1
523,svc-hotel-03,5
523,svc-cruise-01,3
523,svc-pkg-05,2
524,dest-0027,2
524,dest-0028,2
524,svc-hotel-07,2
524,svc-act-06,2
525,svc-act-10,2
525,svc-hotel-06,2
525,svc-pkg-02,4
525,svc-hotel-06,3
525,svc-pkg-02,5
525,dest-0049,1
525,svc-pkg-02,4
525,dest-0006,2
525,svc-act-08,1
525,svc-xfer-02,2
525,dest-0027,3
525,svc-act-07,1
526,dest-0020,1
526,dest-0044,1
526,dest-0036,1
526,dest-0037,2
526,dest-0024,1
526,svc-hotel-07,2
526,svc-act-09,1
526,svc-act-03,4
526,dest-0035,1
526,svc-act-09,3
526,svc-pkg-03,1
527,svc-hotel-05,5
527,svc-pkg-06,1
527,svc-hotel-03,1
527,svc-xfer-02,3
527,svc-hotel-06,1
527,dest-0001,1
527,svc-hotel-07,2
527,dest-0043,1
527,dest-0051,4
528,dest-0048,2
528,svc-pkg-05,4
528,svc-act-08,4
528,svc-act-05,1
529,dest-0016,1
529,svc-pkg-02,5
529,svc-act-03,4
530,dest-0014,2
530,svc-hotel-06,1
530,dest-0051,3
530,dest-0005,3
530,svc-hotel-03,4
530,dest-0048,4
531,svc-act-05,1
531,svc-pkg-03,1
531,dest-0032,1
531,svc-act-01,2
531,svc-hotel-05,4
531,dest-0050,2
532,svc-act-09,3
532,svc-act-04,3
532,svc-hotel-08,1
532,dest-0048,1
532,svc-hotel-04,2
532,svc-hotel-02,2
533,dest-0002,3
533,svc-hotel-02,3
533,dest-0019,1
533,svc-hotel-02,3
533,dest-0056,2
533,dest-0029,2
533,svc-hotel-08,2
534,svc-cruise-03,1
534,dest-0052,1
534,svc-hotel-06,3
534,svc-hotel-06,3
534,dest-0038,2
534,svc-cruise-02,3
534,svc-act-05,2
535,svc-hotel-04,1
535,svc-hotel-02,1
535,dest-0036,1
535,svc-pkg-03,2
535,svc-hotel-08,1
535,svc-act-09,2
536,svc-pkg-02,2
536,svc-cruise-01,2
536,svc-cruise-01,3
536,svc-hotel-01,3
536,svc-pkg-06,1
536,svc-hotel-04,1
536,svc-cruise-04,3
536,svc-act-08,2
536,svc-cruise-03,1
536,svc-hotel-03,3
536,svc-act-06,3
536,svc-cruise-01,2
537,dest-0046,2
537,svc-cruise-01,1
537,dest-0046,3
538,svc-act-05,3
538,dest-0006,3
538,svc-xfer-02,2
538,svc-act-01,5
538,svc-act-08,1
538,dest-0004,2
538,svc-act-01,2
538,dest-0004,3
538,svc-hotel-08,1
538,svc-act-05,4
538,svc-act-08,2
538,dest-0040,2
538,svc-act-05,5
539,svc-hotel-08,4
539,svc-pkg-05,2
539,dest-0060,2
539,svc-hotel-08,2
539,svc-act-08,4
540,dest-0036,1
540,svc-act-09,3
540,svc-act-03,5
541,svc-hotel-03,4
541,svc-cruise-03,2
541,dest-0046,2
542,svc-pkg-03,1
542,svc-hotel-01,3
542,svc-hotel-06,3
542,dest-0023,2
543,dest-0006,3
543,dest-0001,3
543,dest-0056,1
543,svc-hotel-01,1
543,svc-act-06,3
543,svc-act-09,1
543,svc-act-01,1
543,svc-act-09,3
543,svc-act-02,4
543,dest-0045,2
543,svc-hotel-06,2
543,svc-pkg-04,4
543,svc-act-02,5
543,svc-act-08,1
543,svc-pkg-04,5
543,svc-act-04,3
543,svc-act-07,1
543,svc-act-09,2
543,svc-hotel-05,2
543,svc-act-02,5
543,dest-0030,1
543,svc-pkg-04,4
543,dest-0053,1
543,svc-act-03,1
543,dest-0036,1
544,svc-hotel-03,3
544,svc-hotel-03,3
544,svc-cruise-04,1
544,svc-act-04,3
544,svc-pkg-03,2
544,svc-cruise-02,2
544,svc-hotel-06,3
544,dest-0026,2
544,svc-cruise-01,4
544,dest-0014,1
544,svc-act-07,2
544,svc-hotel-06,2
544,dest-0059,1
544,svc-act-08,2
544,svc-act-07,2
544,dest-0048,2
544,dest-0049,3
544,dest-0026,1
544,dest-0029,2
544,dest-0031,1
544,dest-0043,1
544,svc-act-04,3
544,svc-hotel-03,2
544,dest-0007,1
544,svc-hotel-04,3
544,svc-cruise-02,3
544,svc-cruise-01,1
544,svc-cruise-03,2
545,svc-hotel-03,2
545,svc-hotel-08,1
545,svc-hotel-02,2
545,svc-act-02,1
545,svc-hotel-05,3
545,dest-0011,2
545,svc-act-04,3
545,dest-0008,1
545,svc-cruise-03,1
545,dest-0014,3
546,svc-cruise-04,5
546,svc-cruise-01,5
546,svc-xfer-01,2
546,svc-cruise-01,4
546,svc-xfer-02,1
546,svc-act-07,2
546,svc-cruise-03,1
546,svc-act-01,1
546,svc-cruise-02,2
547,svc-xfer-02,2
547,svc-act-08,1
547,svc-hotel-05,5
547,dest-0014,1
547,dest-0010,2
547,dest-0047,2
547,dest-0013,2
547,svc-act-02,2
547,dest-0057,2
547,dest-0041,2
547,dest-0028,2
547,dest-0054,3
548,svc-hotel-01,3
548,svc-hotel-03,2
548,svc-hotel-01,1
548,svc-cruise-03,2
549,svc-hotel-01,3
549,dest-0013,2
549,svc-cruise-01,3
549,svc-hotel-02,1
549,svc-pkg-05,2
549,svc-hotel-06,2
549,svc-hotel-06,1
549,dest-0022,2
549,svc-hotel-05,3
549,svc-cruise-04,2
549,svc-hotel-01,4
549,dest-0008,2
549,svc-act-04,1
550,svc-hotel-02,1
550,svc-act-01,3
550,dest-0022,1
550,dest-0043,2
550,svc-xfer-02,1
550,svc-act-07,1
551,svc-act-03,1
551,svc-act-08,1
551,svc-cruise-02,4
551,svc-act-10,2
551,svc-act-08,3
551,svc-cruise-04,2
551,dest-0007,3
551,dest-0035,2
551,svc-cruise-03,1
551,svc-pkg-02,3
551,svc-cruise-02,2
551,svc-cruise-04,3
551,dest-0054,2
551,svc-hotel-01,2
551,svc-cruise-04,2
551,svc-hotel-04,1
551,dest-0024,2
551,svc-cruise-03,2
551,svc-act-09,1
551,svc-act-06,2
551,svc-cruise-02,2
551,svc-hotel-03,5
551,dest-0034,1
551,svc-act-04,1
551,dest-0043,1
551,svc-cruise-03,4
552,svc-pkg-02,1
552,svc-act-08,1
552,dest-0022,1
552,dest-0025,1
552,dest-0042,2
552,svc-hotel-03,2
552,svc-act-05,1
553,svc-hotel-08,3
553,svc-act-01,4
553,dest-0014,1
553,dest-0002,3
554,svc-xfer-02,2
554,svc-xfer-02,1
554,svc-act-10,1
554,svc-hotel-01,2
554,svc-hotel-05,5
554,svc-act-07,2
554,svc-hotel-06,2
554,svc-act-01,1
554,dest-0030,1
555,dest-0039,1
555,svc-act-02,2
555,svc-act-06,1
555,svc-hotel-08,2
556,svc-hotel-03,3
556,dest-0050,2
556,svc-hotel-02,1
556,svc-act-04,4
556,dest-0032,1
556,svc-hotel-07,1
556,dest-0029,2
556,svc-act-02,3
556,svc-hotel-03,3
556,dest-0048,3
556,svc-cruise-01,2
556,svc-pkg-05,1
556,svc-act-01,3
556,dest-0050,2
556,dest-0050,1
556,svc-act-04,4
557,svc-pkg-03,3
557,dest-0031,2
557,dest-0024,1
557,dest-0050,1
557,dest-0050,1
557,svc-cruise-01,1
557,dest-0028,4
558,svc-xfer-01,1
558,svc-hotel-03,1
558,svc-act-02,5
558,dest-0031,1
558,dest-0034,1
558,dest-0028,2
558,dest-0038,1
558,svc-act-06,2
558,svc-act-02,5
558,dest-0054,1
558,dest-0004,2
558,dest-0033,1
558,dest-0045,2
558,dest-0042,2
558,dest-0035,3
558,svc-xfer-01,2
558,dest-0038,3
559,svc-act-05,2
559,svc-cruise-01,2
559,svc-pkg-02,1
559,svc-cruise-03,3
559,svc-hotel-04,3
559,dest-0007,1
560,dest-0029,2
560,svc-act-09,3
560,dest-0016,1
560,dest-0036,1
560,dest-0030,1
560,svc-act-02,1
560,dest-0012,1
560,svc-xfer-02,2
560,svc-hotel-07,1
560,svc-xfer-02,2
560,svc-pkg-02,2
561,svc-hotel-04,1
561,svc-act-09,3
561,svc-hotel-05,1
561,svc-act-07,3
561,svc-act-05,2
561,svc-act-06,2
562,svc-act-04,3
562,svc-hotel-01,3
562,svc-pkg-04,4
562,dest-0025,1
562,dest-0052,1
562,dest-0043,1
562,svc-xfer-02,1
563,svc-xfer-02,1
563,dest-0050,1
563,svc-xfer-03,1
564,dest-0052,2
564,dest-0027,1
564,svc-hotel-06,1
564,svc-cruise-01,3
565,svc-act-08,2
565,svc-cruise-01,2
565,svc-act-04,1
565,dest-0025,1
565,dest-0004,1
565,dest-0035,2
565,svc-pkg-06,3
566,dest-0013,3
566,dest-0029,2
566,dest-0026,2
566,dest-0049,2
566,dest-0048,3
566,dest-0037,1
566,svc-hotel-03,3
566,dest-0029,2
566,svc-act-04,4
567,svc-act-08,1
567,dest-0047,1
567,svc-act-09,3
567,svc-hotel-05,2
567,svc-cruise-01,3
567,svc-hotel-04,3
567,svc-act-10,2
567,svc-hotel-01,4
568,svc-hotel-04,1
568,svc-act-04,2
568,svc-hotel-01,2
568,svc-act-10,1
568,svc-pkg-01,1
569,svc-pkg-05,3
569,svc-pkg-02,3
569,svc-act-08,4
569,dest-0058,2
569,svc-pkg-04,1
569,svc-hotel-01,2
569,svc-act-06,2
569,svc-pkg-02,1
569,dest-0026,1
569,svc-hotel-08,3
569,svc-act-08,5
569,svc-act-04,1
569,svc-pkg-05,4
569,dest-0012,2
569,svc-act-02,2
569,dest-0008,1
569,svc-hotel-08,3
569,svc-act-01,2
569,dest-0002,2
569,svc-xfer-02,1
569,svc-xfer-03,1
569,svc-xfer-03,3
569,svc-hotel-03,1
569,dest-0031,1
569,svc-xfer-01,2
569,dest-0037,1
569,svc-hotel-08,1
569,svc-xfer-01,2
569,svc-hotel-04,3
569,dest-0039,1
569,svc-hotel-01,3
569,dest-0009,2
569,svc-act-07,1
569,svc-xfer-01,1
569,svc-act-04,2
570,svc-hotel-03,1
570,dest-0031,2
570,svc-pkg-03,1
570,svc-hotel-06,2
570,svc-act-06,2
570,dest-0049,3
570,svc-hotel-03,3
570,dest-0014,1
570,svc-pkg-04,1
570,svc-hotel-07,1
570,dest-0039,1
570,svc-hotel-08,3
570,dest-0002,3
570,svc-hotel-03,2
570,svc-hotel-06,1
570,svc-cruise-01,3
570,svc-cruise-04,1
570,svc-hotel-05,2
570,svc-cruise-01,3
570,svc-act-02,3
570,dest-0029,3
570,dest-0001,1
570,dest-0026,2
570,svc-pkg-04,2
570,dest-0005,4
570,svc-pkg-03,3
570,svc-pkg-01,2
570,dest-0048,2
570,dest-0029,3
570,svc-act-04,3
570,svc-cruise-01,2
570,dest-0032,1
570,dest-0013,3
570,svc-hotel-04,2
570,svc-act-05,1
571,svc-pkg-01,3
571,dest-0005,2
571,dest-0026,1
571,dest-0046,1
572,svc-pkg-01,2
572,svc-pkg-05,2
572,svc-hotel-08,3
573,dest-0002,1
573,dest-0018,1
573,dest-0047,2
573,svc-pkg-02,5
573,svc-pkg-02,5
573,dest-0044,2
573,dest-0039,3
573,svc-hotel-07,1
573,svc-pkg-06,3
573,svc-hotel-03,5
573,svc-act-04,1
573,svc-act-01,3
573,svc-act-10,2
574,svc-cruise-04,1
574,dest-0030,3
574,svc-act-07,1
574,svc-act-03,1
574,svc-cruise-01,5
574,svc-xfer-03,1
574,dest-0056,2
574,svc-cruise-02,3
574,svc-cruise-03,3
574,svc-cruise-03,1
574,svc-cruise-02,3
574,svc-act-09,2
574,svc-act-05,3
574,svc-cruise-04,4
574,svc-cruise-02,1
574,dest-0058,1
574,svc-xfer-02,1
574,svc-hotel-06,1
575,svc-cruise-01,3
575,svc-cruise-04,3
575,svc-act-06,1
576,svc-pkg-05,2
576,svc-act-09,1
576,svc-hotel-04,1
576,svc-act-03,4
577,svc-pkg-02,1
577,dest-0056,1
577,dest-0044,1
577,svc-pkg-01,3
577,svc-pkg-04,2
577,svc-pkg-01,2
578,svc-hotel-05,2
578,svc-act-07,2
578,svc-hotel-06,1
578,dest-0036,2
578,dest-0013,2
578,dest-0016,2
578,svc-act-01,3
578,dest-0017,3
578,svc-hotel-04,4
578,dest-0004,1
578,dest-0050,1
578,svc-hotel-04,2
578,svc-pkg-06,3
578,dest-0051,3
578,svc-pkg-06,3
578,dest-0043,1
578,dest-0012,2
578,dest-0002,2
578,dest-0057,1
578,svc-act-01,3
578,dest-0015,1
578,svc-act-08,2
578,svc-act-05,5
578,svc-act-09,1
578,svc-pkg-03,3
578,svc-xfer-03,2
578,svc-act-02,1
578,svc-act-05,4
578,dest-0048,2
579,svc-pkg-05,1
579,svc-act-02,5
579,dest-0017,2
579,dest-0026,2
579,svc-act-06,3
579,svc-act-05,1
579,svc-pkg-04,2
579,svc-xfer-02,1
579,svc-pkg-01,2
579,svc-act-08,3
579,svc-act-07,1
579,svc-hotel-04,2
579,svc-act-06,4
579,svc-act-02,4
579,svc-xfer-02,1
580,svc-xfer-02,3
580,dest-0017,1
580,svc-act-10,1
580,svc-hotel-02,2
580,svc-hotel-02,3
580,dest-0055,2
580,dest-0024,2
581,svc-hotel-01,4
581,svc-hotel-01,5
581,svc-hotel-06,2
582,dest-0052,2
582,dest-0028,2
582,svc-act-01,4
582,svc-act-10,2
582,dest-0033,2
582,svc-act-06,2
582,svc-act-05,4
582,dest-0022,1
582,svc-act-01,2
582,svc-act-01,2
582,dest-0056,2
582,dest-0013,2
582,dest-0048,3
583,dest-0060,1
583,svc-hotel-04,3
583,svc-pkg-04,5
583,svc-act-02,5
583,dest-0032,1
583,svc-pkg-04,3
583,svc-act-06,2
583,svc-xfer-02,2
583,svc-hotel-08,2
584,svc-xfer-01,3
584,svc-xfer-03,3
584,svc-act-05,1
585,svc-act-06,1
585,svc-cruise-04,3
585,svc-act-08,2
585,dest-0050,2
585,svc-act-06,3
585,svc-hotel-03,3
585,svc-cruise-02,3
585,svc-cruise-03,3
585,svc-cruise-01,1
585,svc-hotel-05,2
585,svc-cruise-03,2
586,dest-0014,1
586,dest-0055,1
586,svc-pkg-03,3
587,svc-act-08,4
587,svc-act-03,2
587,svc-pkg-05,2
587,svc-pkg-04,1
587,svc-xfer-01,2
587,svc-hotel-06,1
587,svc-pkg-03,3
587,svc-act-09,3
587,svc-act-07,1
587,dest-0047,1
587,dest-0001,2
587,svc-act-08,4
587,svc-hotel-01,2
587,dest-0009,2
587,svc-hotel-01,2
587,svc-pkg-05,3
587,dest-0014,1
587,svc-xfer-01,2
587,svc-act-03,1
587,dest-0030,1
587,svc-xfer-02,2
587,svc-hotel-01,1
587,dest-0019,1
587,svc-pkg-05,3
587,svc-act-08,5
587,dest-0025,2
587,dest-0025,3
588,dest-0059,2
588,svc-act-03,4
588,svc-act-07,2
589,svc-act-08,5
589,svc-xfer-03,3
589,svc-hotel-01,3
589,svc-act-08,4
589,svc-act-07,3
589,svc-xfer-02,2
589,svc-hotel-08,3
589,svc-hotel-01,2
589,svc-act-06,1
589,svc-act-09,1
589,svc-pkg-05,3
589,dest-0057,3
589,svc-hotel-08,2
589,svc-hotel-07,1
589,svc-act-03,1
589,dest-0028,1
589,dest-0041,2
589,dest-0047,1
589,svc-act-08,4
589,svc-hotel-08,3
589,svc-hotel-04,1
589,svc-act-08,4
589,dest-0019,1
589,dest-0029,2
589,svc-hotel-02,3
589,dest-0001,1
589,svc-pkg-02,2
589,dest-0034,1
589,svc-pkg-05,3
589,dest-0015,1
589,dest-0003,2
589,svc-act-09,3
590,svc-act-05,1
590,dest-0034,2
590,dest-0007,2
591,svc-pkg-05,2
591,svc-xfer-03,1
591,svc-xfer-02,1
591,svc-xfer-03,2
591,svc-pkg-05,3
592,svc-hotel-06,2
592,svc-hotel-01,2
592,dest-0007,2
592,dest-0044,1
592,svc-act-10,1
592,svc-cruise-02,1
593,svc-xfer-02,2
593,svc-pkg-04,3
593,svc-act-09,2
593,svc-act-10,3
593,svc-act-06,2
593,dest-0054,2
593,svc-act-01,1
593,dest-0050,2
593,dest-0050,3
593,svc-act-03,3
593,svc-hotel-02,3
593,svc-act-09,2
593,svc-pkg-05,1
593,svc-act-01,3
593,svc-hotel-01,1
593,svc-pkg-03,2
593,svc-hotel-07,1
593,svc-pkg-03,1
593,svc-pkg-04,2
593,dest-0026,1
593,dest-0035,1
594,dest-0010,3
594,svc-act-03,3
594,dest-0034,1
594,svc-pkg-03,3
594,svc-act-09,1
594,svc-pkg-03,2
594,svc-act-01,2
595,svc-act-03,1
595,svc-xfer-03,2
595,svc-hotel-07,2
595,svc-xfer-02,1
595,dest-0027,3
595,dest-0034,3
596,dest-0051,2
596,dest-0029,3
596,dest-0025,2
597,dest-0050,1
597,dest-0026,3
597,svc-act-06,2
598,dest-0021,1
598,dest-0045,3
598,svc-cruise-04,2
598,svc-xfer-03,2
598,svc-hotel-02,3
599,dest-0034,3
599,svc-hotel-05,3
599,svc-cruise-04,3
600,svc-hotel-07,1
600,svc-cruise-01,3
600,svc-hotel-03,1
600,svc-cruise-01,2
600,dest-0016,1
600,svc-hotel-08,3
600,svc-act-04,2
601,svc-act-03,3
601,dest-0013,1
601,svc-hotel-01,4
601,svc-hotel-01,4
602,dest-0018,3
602,svc-cruise-04,3
602,svc-cruise-02,2
602,svc-xfer-02,3
602,svc-cruise-04,5
603,svc-cruise-04,2
603,svc-act-06,1
603,svc-cruise-02,2
603,svc-cruise-03,2
603,svc-cruise-04,1
604,svc-hotel-05,1
604,svc-cruise-04,2
604,svc-cruise-03,2
604,dest-0029,3
604,svc-pkg-05,2
604,svc-cruise-01,2
604,svc-cruise-04,3
604,dest-0044,2
604,svc-act-08,1
604,svc-pkg-01,1
604,svc-hotel-01,2
604,svc-act-04,1
604,dest-0004,1
604,svc-hotel-06,3
604,dest-0058,1
604,svc-cruise-03,3
604,svc-pkg-01,3
604,svc-pkg-01,2
604,svc-cruise-03,3
604,dest-0053,1
604,svc-cruise-03,1
604,svc-pkg-02,1
604,svc-hotel-03,5
604,svc-cruise-02,3
604,dest-0036,3
604,svc-pkg-02,3
604,svc-hotel-06,1
604,svc-cruise-02,3
605,dest-0056,1
605,dest-0045,2
605,svc-cruise-01,3
606,svc-act-06,1
606,svc-cruise-04,3
606,dest-0027,2
607,svc-act-05,2
607,svc-act-09,1
607,svc-cruise-02,3
607,svc-cruise-03,3
607,dest-0051,4
607,svc-cruise-03,3
607,svc-cruise-01,2
607,svc-cruise-01,2
607,svc-act-04,2
607,svc-cruise-01,3
607,svc-cruise-01,3
607,svc-hotel-01,3
608,svc-act-06,3
608,dest-0054,3
608,dest-0057,1
608,svc-act-06,2
608,svc-act-02,5
608,dest-0029,1
608,svc-act-04,1
608,dest-0025,2
608,svc-hotel-01,1
608,svc-pkg-04,2
608,dest-0043,3
608,dest-0024,2
608,dest-0026,1
608,dest-0020,2
608,dest-0040,3
609,svc-cruise-04,3
609,svc-cruise-04,3
609,svc-xfer-02,2
609,svc-hotel-02,3
609,svc-cruise-04,5
609,svc-cruise-03,3
609,svc-cruise-01,4
609,svc-act-03,1
609,dest-0011,1
609,dest-0028,1
609,dest-0032,2
609,svc-hotel-07,2
609,dest-0006,3
610,svc-hotel-01,4
610,dest-0011,2
610,svc-hotel-01,5
610,svc-pkg-03,3
611,svc-cruise-02,3
611,svc-hotel-04,1
611,dest-0048,3
611,dest-0048,1
612,dest-0038,1
612,svc-act-06,1
612,svc-act-09,2
612,dest-0009,1
612,dest-0016,1
612,dest-0041,2
612,svc-act-03,5
612,svc-act-09,3
613,svc-act-04,4
613,dest-0014,1
613,dest-0031,1
613,svc-hotel-03,2
613,svc-act-04,4
614,dest-0051,2
614,svc-pkg-04,1
614,dest-0031,3
614,dest-0014,2
614,svc-act-10,1
614,dest-0026,1
614,svc-hotel-03,2
614,dest-0014,2
614,svc-act-04,2
614,svc-pkg-03,4
614,svc-cruise-01,2
614,dest-0029,3
614,svc-hotel-07,1
615,svc-hotel-08,1
615,dest-0022,1
615,svc-cruise-01,4
616,svc-hotel-03,2
616,dest-0016,2
616,dest-0048,2
616,svc-hotel-03,3
616,svc-cruise-01,1
616,svc-hotel-03,3
616,dest-0013,2
617,svc-act-03,5
617,dest-0016,3
617,dest-0001,2
617,svc-pkg-02,1
617,svc-act-03,5
617,svc-act-09,1
617,svc-act-02,1
617,dest-0021,1
617,svc-act-09,3
617,svc-act-01,2
617,svc-pkg-06,1
617,svc-act-07,2
617,dest-0021,2
617,svc-pkg-01,3
617,dest-0039,1
617,svc-xfer-01,1
617,dest-0012,1
617,svc-hotel-04,2
617,dest-0025,2
617,dest-0005,2
617,svc-pkg-03,1
617,svc-pkg-02,2
617,svc-pkg-06,2
617,svc-hotel-06,1
617,svc-act-09,3
617,svc-act-01,1
617,svc-act-04,3
617,svc-hotel-08,2
617,svc-pkg-03,2
617,dest-0020,3
617,svc-pkg-04,1
617,dest-0016,3
617,dest-0008,2
617,dest-0017,2
617,svc-act-03,4
617,svc-hotel-05,1
617,dest-0060,2
617,svc-act-10,1
617,svc-act-02,2
617,dest-0054,1
618,svc-hotel-06,2
618,svc-cruise-01,3
618,svc-pkg-03,3
618,dest-0055,1
618,svc-cruise-01,2
618,svc-act-03,3
618,dest-0022,1
619,svc-act-06,1
619,svc-pkg-01,2
619,dest-0050,3
619,dest-0014,3
619,svc-pkg-03,3
619,dest-0026,1
619,dest-0005,3
619,dest-0031,1
619,svc-hotel-07,1
619,svc-cruise-03,2
619,dest-0049,1
619,svc-hotel-03,2
619,svc-cruise-01,3
619,svc-cruise-03,1
619,svc-act-04,2
619,dest-0014,3
619,svc-hotel-02,1
619,svc-pkg-04,3
620,svc-cruise-01,4
620,svc-act-10,1
620,svc-cruise-04,3
620,svc-act-01,3
620,dest-0052,1
620,svc-cruise-02,2
620,svc-act-02,3
620,svc-cruise-01,4
620,svc-act-05,2
620,svc-cruise-03,3
620,svc-xfer-02,2
620,svc-act-02,1
620,svc-act-08,2
620,svc-xfer-02,1
620,svc-cruise-02,3
620,dest-0025,1
620,svc-xfer-01,3
620,svc-cruise-04,5
620,svc-act-10,3
620,svc-cruise-02,2
620,dest-0019,3
620,dest-0045,1
620,svc-hotel-07,2
620,svc-xfer-01,1
620,svc-cruise-04,4
620,svc-cruise-03,4
620,dest-0008,2
621,svc-pkg-01,1
621,dest-0058,3
621,svc-act-03,5
621,dest-0024,1
621,svc-act-03,5
621,svc-act-09,2
621,svc-pkg-02,1
621,svc-hotel-06,1
621,svc-act-01,2
621,svc-pkg-04,1
621,svc-xfer-02,2
621,dest-0033,1
621,svc-pkg-05,3
621,svc-act-09,3
621,svc-act-03,4
621,dest-0011,1
621,svc-act-08,2
621,svc-hotel-01,1
621,svc-pkg-03,3
621,svc-act-04,3
621,svc-pkg-06,1
621,dest-0009,1
621,svc-hotel-07,1
621,dest-0036,1
621,dest-0012,1
621,svc-pkg-01,2
621,dest-0053,3
621,dest-0027,3
621,dest-0004,3
621,svc-xfer-01,2
621,svc-act-06,2
621,dest-0057,2
621,dest-0013,2
621,svc-pkg-03,2
621,svc-xfer-02,2
621,svc-pkg-03,1
621,svc-xfer-03,1
621,svc-pkg-04,1
621,svc-hotel-06,3
621,svc-hotel-02,1
621,svc-hotel-05,1
621,dest-0040,1
621,svc-act-05,2
621,dest-0054,1
622,svc-xfer-03,2
622,svc-act-06,2
622,svc-act-04,2
622,svc-pkg-04,4
622,svc-act-07,1
622,svc-act-02,4
622,dest-0032,2
622,svc-act-02,5
622,svc-act-06,2
622,svc-act-09,1
622,dest-0012,2
622,svc-xfer-01,3
622,dest-0019,1
622,dest-0038,2
622,svc-act-02,4
622,svc-pkg-04,4
622,svc-xfer-02,3
622,svc-act-01,2
622,dest-0057,2
622,svc-act-10,2
622,svc-act-07,1
622,dest-0020,1
622,dest-0040,2
622,svc-act-03,1
622,dest-0052,1
622,svc-pkg-04,3
622,svc-act-01,1
622,svc-hotel-01,2
622,dest-0040,1
622,dest-0050,1
622,dest-0056,2
622,svc-act-06,3
623,svc-hotel-05,2
623,svc-act-02,2
623,dest-0013,3
623,svc-act-05,5
623,svc-act-01,1
623,svc-hotel-04,3
623,svc-act-07,1
623,dest-0001,1
623,svc-act-05,3
623,svc-hotel-07,3
623,svc-act-03,2
624,dest-0002,1
624,svc-hotel-04,2
624,svc-act-10,1
624,svc-act-02,3
624,dest-0033,1
624,svc-act-06,1
624,dest-0024,1
624,svc-act-07,1
624,svc-act-05,5
624,dest-0035,1
624,dest-0059,1
624,svc-act-01,3
624,svc-hotel-06,1
624,svc-xfer-02,2
624,dest-0039,1
624,svc-act-01,3
624,dest-0020,2
624,dest-0053,1
624,svc-act-05,4
624,svc-pkg-05,2
624,dest-0049,1
624,svc-hotel-08,2
624,dest-0056,2
624,svc-pkg-06,4
624,svc-xfer-03,3
624,svc-xfer-02,2
624,svc-pkg-05,1
624,svc-act-04,2
624,dest-0026,2
624,dest-0020,1
624,svc-hotel-04,3
625,svc-pkg-01,1
625,svc-hotel-08,2
625,dest-0059,1
625,dest-0016,2
625,dest-0020,2
625,svc-hotel-08,3
625,svc-pkg-06,2
625,dest-0047,2
625,svc-xfer-01,1
625,svc-pkg-05,2
625,svc-hotel-08,2
625,svc-act-08,4
625,dest-0008,2
625,svc-pkg-01,2
625,svc-act-08,5
625,svc-act-09,1
625,dest-0002,1
626,svc-pkg-02,1
626,svc-act-06,2
626,svc-act-04,2
626,svc-act-02,3
627,svc-pkg-02,3
627,dest-0052,3
627,dest-0005,1
627,dest-0056,1
627,svc-act-05,4
627,svc-act-06,1
627,dest-0040,3
627,svc-act-02,2
627,svc-act-01,2
627,dest-0036,1
627,dest-0019,2
627,dest-0042,2
627,svc-act-06,3
627,svc-pkg-06,3
627,svc-act-02,3
627,svc-hotel-04,2
627,dest-0026,1
627,svc-pkg-06,3
627,dest-0039,1
627,svc-act-01,3
628,svc-act-02,4
628,svc-act-06,4
628,svc-act-06,2
628,svc-pkg-04,5
628,dest-0036,1
628,svc-xfer-01,3
628,svc-act-10,2
628,svc-act-05,1
628,svc-act-02,4
628,dest-0025,3
628,svc-act-04,1
628,svc-act-02,5
628,dest-0046,1
628,svc-act-06,2
628,svc-act-04,2
628,dest-0018,3
628,dest-0011,3
628,dest-0015,1
628,svc-act-06,4
628,svc-hotel-07,2
628,dest-0026,2
628,dest-0049,3
628,svc-pkg-03,1
628,svc-pkg-04,1
629,svc-cruise-03,2
629,dest-0010,2
629,svc-hotel-05,1
630,svc-act-06,2
630,svc-act-08,5
630,svc-act-05,1
630,svc-hotel-06,2
630,svc-act-08,5
630,dest-0037,1
630,svc-hotel-01,1
630,dest-0006,2
630,dest-0028,3
630,svc-act-08,3
630,svc-act-03,1
630,svc-hotel-07,2
630,svc-pkg-04,2
630,svc-act-03,3
630,svc-pkg-05,4
631,dest-0040,2
631,svc-hotel-05,1
631,svc-act-08,5
631,svc-hotel-08,3
631,svc-xfer-03,2
632,svc-act-09,1
632,svc-act-01,1
632,svc-act-10,1
633,dest-0014,2
633,svc-act-05,2
633,svc-act-08,3
634,svc-pkg-03,2
634,svc-hotel-01,3
634,svc-hotel-04,1
634,svc-pkg-05,4
634,dest-0001,3
634,svc-act-03,3
635,svc-act-01,3
635,dest-0018,1
635,dest-0051,1
635,svc-act-03,2
635,svc-hotel-04,2
635,svc-act-05,4
635,svc-act-02,2
636,svc-act-03,4
636,svc-act-03,4
636,svc-act-09,3
637,dest-0033,4
637,svc-cruise-01,4
637,svc-cruise-03,2
637,svc-cruise-03,3
637,svc-xfer-02,2
638,svc-act-08,2
638,svc-act-04,3
638,svc-act-08,2
638,svc-cruise-03,1
639,svc-cruise-04,4
639,svc-cruise-02,3
639,svc-act-02,1
639,svc-cruise-03,2
639,svc-cruise-02,3
639,svc-cruise-02,2
640,svc-hotel-01,2
640,svc-act-10,2
640,svc-cruise-03,2
640,svc-act-03,1
640,svc-cruise-02,2
640,svc-hotel-02,3
640,svc-act-04,2
640,svc-pkg-02,3
641,svc-act-09,1
641,svc-hotel-03,1
641,dest-0025,4
641,dest-0031,2
641,svc-hotel-06,1
641,dest-0014,3
641,svc-hotel-03,3
641,svc-act-04,3
641,svc-act-04,2
641,dest-0005,3
641,svc-act-06,3
642,svc-hotel-05,4
642,svc-xfer-02,3
642,dest-0037,2
643,svc-cruise-02,2
643,svc-cruise-03,3
643,svc-act-10,1
643,dest-0010,1
643,dest-0016,1
644,svc-hotel-08,2
644,dest-0037,2
644,svc-cruise-03,2
644,dest-0004,1
644,svc-cruise-04,3
644,svc-act-03,3
645,svc-pkg-02,2
645,svc-hotel-06,3
645,dest-0019,3
645,dest-0005,2
646,svc-act-09,2
646,dest-0024,1
646,svc-act-07,1
646,svc-hotel-05,5
646,svc-act-03,1
646,dest-0033,1
646,svc-hotel-07,2
646,dest-0014,2
646,svc-hotel-02,2
646,dest-0054,1
646,svc-act-09,2
646,svc-hotel-05,4
646,dest-0049,1
646,dest-0058,3
647,svc-pkg-06,1
647,svc-act-03,3
647,svc-act-02,2
647,dest-0027,2
647,svc-act-03,2
647,svc-pkg-02,3
647,dest-0026,1
647,svc-hotel-01,2
647,svc-xfer-01,3
647,dest-0025,1
648,svc-cruise-04,1
648,svc-cruise-01,4
648,svc-cruise-02,3
648,svc-act-08,1
648,svc-act-09,1
648,svc-cruise-01,4
648,svc-hotel-04,1
648,dest-0001,2
648,svc-act-01,2
649,svc-cruise-03,2
649,svc-cruise-03,3
649,svc-cruise-03,2
649,svc-act-07,2
649,svc-cruise-03,1
649,svc-act-10,1
649,svc-xfer-02,1
649,dest-0020,2
649,svc-cruise-04,3
650,svc-act-02,5
650,svc-act-02,4
650,svc-pkg-06,1
650,dest-0028,2
651,svc-act-08,1
651,svc-hotel-05,5
651,svc-hotel-02,2
651,dest-0036,2
651,svc-act-06,3
651,dest-0040,1
652,svc-pkg-04,2
652,svc-pkg-04,4
652,svc-act-02,3
653,svc-pkg-05,2
653,svc-hotel-06,1
653,dest-0002,3
653,svc-pkg-05,3
653,dest-0053,2
653,dest-0016,3
653,svc-act-08,4
653,svc-act-07,1
653,dest-0013,2
653,dest-0014,2
653,svc-act-09,3
653,svc-act-10,2
653,dest-0043,1
653,dest-0029,2
653,svc-hotel-01,3
653,svc-hotel-07,1
653,dest-0021,1
653,dest-0020,1
653,dest-0054,1
653,svc-pkg-02,2
653,svc-hotel-04,2
653,svc-xfer-02,3
653,dest-0035,1
653,dest-0001,1
653,dest-0041,1
653,svc-xfer-01,2
654,svc-xfer-02,2
654,dest-0060,1
654,svc-xfer-03,2
654,svc-hotel-02,2
655,dest-0034,2
655,svc-xfer-03,1
655,dest-0053,1
655,svc-hotel-01,2
656,svc-pkg-02,4
656,svc-hotel-01,3
656,svc-act-05,2
657,svc-act-03,5
657,svc-act-03,5
657,dest-0036,2
657,svc-hotel-02,3
657,dest-0021,3
657,svc-hotel-06,1
657,dest-0032,2
657,svc-xfer-03,1
657,dest-0057,2
657,dest-0009,1
657,svc-act-01,1
657,dest-0030,1
657,svc-act-03,4
657,svc-act-02,1
658,svc-hotel-03,3
658,dest-0015,2
658,svc-hotel-03,2
659,svc-hotel-02,2
659,dest-0038,1
659,svc-act-08,2
659,dest-0028,3
659,dest-0008,2
659,svc-hotel-02,3
660,svc-pkg-04,1
660,svc-cruise-01,2
660,svc-hotel-07,2
660,svc-hotel-01,1
661,svc-act-01,4
661,dest-0011,1
661,svc-xfer-03,2
661,svc-act-05,3
661,svc-pkg-03,1
661,svc-act-05,5
662,svc-hotel-04,1
662,svc-hotel-05,1
662,dest-0049,2
662,svc-hotel-07,2
663,svc-hotel-02,3
663,svc-hotel-02,3
663,svc-hotel-03,2
663,svc-act-02,2
663,svc-pkg-02,1
663,svc-xfer-02,2
663,svc-act-08,1
663,dest-0019,1
663,dest-0043,2
663,dest-0035,2
663,dest-0035,3
663,svc-xfer-02,2
663,svc-hotel-02,3
663,svc-act-08,1
663,dest-0041,2
663,svc-hotel-05,4
663,svc-xfer-03,1
663,svc-act-03,1
663,svc-hotel-01,1
663,svc-hotel-05,4
664,dest-0003,2
664,svc-pkg-03,2
664,dest-0049,1
664,dest-0049,3
664,svc-cruise-01,4
664,dest-0038,1
664,dest-0031,2
664,svc-act-04,3
665,svc-cruise-02,2
665,dest-0060,1
665,svc-act-07,2
665,svc-cruise-04,2
665,svc-cruise-02,2
665,svc-cruise-01,2
665,svc-hotel-06,2
665,svc-pkg-02,1
665,svc-cruise-02,2
665,svc-act-06,4
666,dest-0018,1
666,dest-0033,3
666,svc-cruise-01,4
666,dest-0005,3
666,dest-0057,3
666,dest-0024,3
666,svc-hotel-07,1
666,dest-0029,3
666,dest-0029,2
666,svc-act-04,5
666,svc-hotel-03,2
666,svc-hotel-07,2
666,dest-0049,3
666,svc-hotel-07,1
666,svc-cruise-01,2
666,svc-hotel-03,1
666,svc-hotel-03,3
666,dest-0054,2
666,dest-0029,2
666,dest-0026,3
666,dest-0013,3
666,dest-0026,3
666,dest-0014,2
666,dest-0013,2
666,svc-act-04,3
666,dest-0009,1
666,dest-0049,1
666,dest-0039,3
666,svc-hotel-05,1
666,dest-0005,3
666,svc-act-04,3
666,svc-hotel-05,1
666,svc-pkg-03,3
666,svc-cruise-01,1
666,svc-cruise-03,1
666,dest-0050,1
666,dest-0031,1
666,dest-0010,2
666,dest-0056,2
667,svc-hotel-05,2
667,svc-cruise-04,3
667,svc-act-01,2
667,svc-cruise-02,1
667,dest-0050,2
667,dest-0027,4
668,svc-hotel-08,1
668,svc-hotel-04,1
668,dest-0026,3
668,dest-0043,3
668,svc-hotel-03,2
668,dest-0029,1
668,svc-pkg-05,3
668,dest-0031,2
668,svc-act-04,3
669,dest-0036,2
669,svc-pkg-05,2
669,svc-xfer-02,2
670,svc-xfer-03,3
670,svc-pkg-01,1
670,svc-hotel-04,2
670,svc-xfer-01,3
670,svc-hotel-01,1
670,dest-0012,2
670,svc-act-08,4
670,dest-0002,1
670,svc-hotel-03,2
670,dest-0006,1
671,dest-0020,3
671,dest-0004,1
671,dest-0017,2
671,dest-0027,1
671,dest-0030,2
671,svc-hotel-08,1
671,dest-0022,1
671,svc-hotel-05,5
672,svc-cruise-03,3
672,svc-cruise-01,5
672,svc-cruise-03,2
672,svc-act-06,1
672,svc-act-08,2
672,svc-act-08,2
672,svc-act-10,1
672,svc-xfer-02,3
672,svc-cruise-02,3
672,svc-cruise-01,4
672,svc-act-07,1
672,svc-act-04,3
672,dest-0048,2
672,svc-xfer-03,1
672,svc-cruise-02,2
672,svc-act-06,3
672,svc-act-03,1
673,svc-cruise-03,2
673,svc-cruise-01,2
673,dest-0029,2
673,svc-cruise-04,2
673,svc-hotel-08,2
673,dest-0028,2
673,svc-cruise-01,3
673,dest-0044,1
673,svc-act-06,2
673,svc-act-10,1
673,svc-cruise-02,2
674,dest-0006,1
674,dest-0055,2
674,svc-hotel-06,1
674,dest-0001,3
674,svc-act-01,2
675,svc-hotel-08,2
675,svc-act-08,5
675,svc-hotel-08,3
675,svc-hotel-01,1
675,dest-0059,2
675,svc-pkg-02,2
676,svc-act-09,1
676,svc-pkg-05,2
676,svc-act-03,5
676,svc-act-01,2
677,svc-hotel-01,3
677,svc-xfer-01,1
677,dest-0037,1
677,svc-cruise-03,3
677,svc-hotel-07,1
677,svc-cruise-03,3
677,svc-xfer-03,2
678,svc-act-02,4
678,svc-act-06,2
678,dest-0014,1
679,dest-0058,1
679,svc-pkg-05,3
679,svc-hotel-08,2
679,dest-0013,2
679,svc-hotel-04,1
679,svc-hotel-01,5
679,dest-0051,3
680,svc-pkg-05,2
680,svc-hotel-05,1
680,dest-0029,3
680,svc-act-04,4
680,svc-cruise-01,1
680,svc-hotel-03,3
680,dest-0013,3
680,svc-act-03,3
680,svc-pkg-03,2
680,svc-hotel-03,2
681,svc-act-08,4
681,svc-act-08,5
681,dest-0013,3
681,svc-pkg-05,4
681,svc-act-05,1
681,dest-0013,1
681,svc-xfer-03,3
681,svc-pkg-05,3
681,svc-hotel-01,2
681,svc-act-08,5
681,svc-hotel-08,4
681,dest-0058,2
681,svc-act-09,2
681,dest-0049,1
681,svc-hotel-08,2
681,dest-0004,1
681,svc-hotel-01,3
681,svc-act-01,3
681,svc-pkg-03,1
681,svc-hotel-08,2
681,svc-xfer-01,3
681,svc-xfer-02,1
681,dest-0025,2
681,svc-xfer-02,3
681,svc-pkg-05,3
681,svc-hotel-01,2
681,svc-xfer-03,1
681,dest-0007,1
681,svc-xfer-01,1
681,svc-pkg-04,1
681,dest-0021,1
681,svc-pkg-05,3
681,dest-0022,1
681,svc-pkg-02,2
681,dest-0007,2
681,svc-act-06,2
682,svc-xfer-02,3
682,svc-xfer-02,2
682,svc-act-07,3
682,svc-hotel-01,4
682,svc-act-06,1
682,svc-act-06,1
682,dest-0030,1
682,svc-hotel-05,3
682,svc-pkg-06,3
682,svc-act-05,2
682,svc-hotel-05,3
682,svc-hotel-02,1
682,dest-0025,1
682,svc-hotel-05,5
683,svc-hotel-05,1
683,svc-xfer-02,1
684,svc-pkg-05,3
684,svc-act-08,5
684,svc-hotel-08,2
684,svc-pkg-05,4
684,svc-xfer-03,2
684,dest-0012,1
684,svc-pkg-03,2
684,svc-pkg-01,2
684,dest-0056,3
684,dest-0023,3
685,svc-act-03,4
685,svc-pkg-02,2
685,svc-hotel-03,2
685,svc-pkg-03,2
685,svc-act-09,3
685,svc-hotel-01,3
685,dest-0025,2
685,svc-pkg-06,1
685,svc-act-04,2
685,dest-0040,1
685,svc-act-09,3
685,svc-pkg-04,2
685,dest-0059,3
685,svc-act-03,4
686,dest-0003,3
686,svc-hotel-05,1
686,dest-0011,2
686,svc-act-08,2
686,svc-pkg-04,2
686,svc-pkg-04,1
686,dest-0014,1
686,svc-act-09,1
686,svc-act-09,1
686,dest-0049,3
686,svc-pkg-03,2
687,svc-xfer-02,2
687,dest-0014,2
687,dest-0042,1
688,dest-0047,2
688,svc-pkg-06,1
688,dest-0034,1
688,svc-hotel-02,1
688,dest-0021,2
688,svc-act-07,1
688,svc-act-01,1
688,svc-hotel-01,2
688,dest-0032,2
688,svc-act-03,3
688,dest-0009,2
688,svc-xfer-02,1
688,dest-0054,1
689,svc-pkg-03,1
689,svc-pkg-04,4
689,dest-0029,1
689,svc-act-07,2
690,svc-act-04,2
690,svc-xfer-02,3
690,dest-0012,3
690,dest-0026,1
690,dest-0059,2
690,svc-pkg-04,1
690,svc-act-01,2
690,dest-0017,1
691,svc-act-01,2
691,dest-0016,3
691,svc-act-03,4
692,svc-cruise-01,2
692,svc-hotel-03,2
692,svc-hotel-01,3
692,svc-hotel-01,4
692,svc-hotel-02,1
692,svc-cruise-02,2
693,svc-hotel-03,2
693,dest-0005,2
693,svc-hotel-03,1
693,svc-act-04,2
693,svc-pkg-03,1
694,dest-0006,1
694,svc-cruise-01,3
694,svc-hotel-03,3
694,dest-0031,2
694,dest-0049,1
694,svc-hotel-03,2
694,svc-hotel-04,3
694,dest-0029,2
694,svc-pkg-03,4
694,svc-cruise-01,2
694,svc-hotel-03,3
695,svc-act-01,4
695,svc-act-01,3
695,svc-act-05,3
695,svc-act-01,3
696,svc-act-07,1
696,dest-0048,1
696,dest-0034,3
696,dest-0017,2
697,svc-pkg-06,2
697,dest-0038,1
697,dest-0037,1
697,svc-hotel-06,2
697,dest-0023,1
697,svc-act-03,1
698,dest-0043,1
698,svc-act-01,4
698,dest-0016,1
698,svc-xfer-02,2
698,dest-0017,1
699,svc-act-08,2
699,svc-pkg-03,1
699,svc-act-05,1
700,svc-act-07,1
700,svc-act-06,1
700,dest-0042,3
700,dest-0026,1
700,dest-0042,2
700,svc-act-06,2
700,svc-pkg-04,5
700,svc-act-02,3
700,svc-pkg-04,1
701,svc-pkg-03,1
701,svc-pkg-04,2
701,svc-pkg-05,2
701,svc-act-09,2
701,svc-hotel-03,3
701,svc-hotel-01,1
701,dest-0015,1
702,svc-cruise-04,3
702,svc-xfer-02,1
702,svc-cruise-01,5
702,svc-xfer-01,1
702,svc-hotel-04,1
702,dest-0035,1
702,svc-cruise-03,1
702,svc-hotel-05,1
702,svc-act-04,2
702,svc-hotel-05,2
702,svc-cruise-04,3
702,svc-cruise-01,4
702,svc-cruise-01,4
702,svc-xfer-01,3
702,svc-act-05,3
702,dest-0013,3
702,svc-hotel-07,3
702,svc-act-06,3
702,dest-0023,3
702,svc-act-07,2
702,svc-cruise-03,3
702,dest-0054,1
702,svc-cruise-02,1
702,dest-0004,1
702,svc-cruise-02,3
702,svc-cruise-04,3
702,svc-act-01,3
702,svc-act-04,1
702,dest-0050,3
702,svc-xfer-03,1
702,svc-xfer-03,2
702,svc-act-07,1
702,svc-cruise-01,5
702,dest-0024,3
702,svc-cruise-04,4
702,svc-hotel-08,2
703,dest-0041,1
703,dest-0001,1
703,svc-cruise-02,2
703,svc-pkg-05,1
704,svc-xfer-01,2
704,dest-0016,1
704,svc-pkg-03,2
704,svc-pkg-06,3
704,svc-hotel-08,1
704,dest-0044,1
704,svc-act-07,1
704,dest-0043,2
704,svc-pkg-02,2
704,dest-0011,1
704,svc-hotel-08,3
704,svc-hotel-04,2
704,svc-act-05,4
704,dest-0024,3
704,svc-act-01,3
704,svc-hotel-04,2
704,dest-0009,2
704,svc-act-05,2
704,dest-0002,2
704,svc-pkg-05,1
704,dest-0053,2
704,svc-act-10,1
704,svc-act-09,1
704,svc-hotel-08,1
704,svc-hotel-04,1
704,svc-xfer-03,2
704,dest-0045,1
704,svc-act-06,1
704,svc-pkg-02,2
704,svc-act-04,1
704,svc-act-02,2
704,dest-0025,1
704,svc-act-06,2
704,dest-0019,1
704,dest-0057,2
704,dest-0035,1
704,dest-0016,2
704,dest-0051,1
704,dest-0052,1
704,dest-0036,2
705,svc-hotel-03,2
705,svc-cruise-01,2
706,svc-pkg-02,3
706,svc-hotel-03,2
706,dest-0015,1
706,dest-0038,1
707,svc-hotel-05,3
707,dest-0053,2
707,dest-0052,2
708,svc-pkg-02,5
708,svc-pkg-02,4
708,svc-hotel-06,2
708,svc-act-10,2
708,svc-act-03,1
708,svc-hotel-03,4
708,svc-hotel-02,1
708,dest-0045,2
708,svc-xfer-03,3
708,svc-hotel-04,2
709,svc-hotel-04,2
709,svc-act-04,4
709,svc-act-04,4
709,dest-0029,3
709,dest-0020,1
710,dest-0060,2
710,svc-hotel-02,2
710,dest-0005,3
710,svc-pkg-04,1
710,dest-0020,1
710,svc-act-03,4
710,dest-0014,1
710,svc-pkg-01,2
711,svc-xfer-03,3
711,svc-act-02,4
711,dest-0048,1
711,svc-hotel-05,3
711,dest-0020,1
711,svc-act-07,3
711,svc-act-06,2
711,dest-0051,3
711,dest-0001,1
712,svc-hotel-03,2
712,svc-act-04,3
712,dest-0005,3
712,svc-hotel-08,1
712,dest-0031,1
712,dest-0026,3
712,svc-cruise-01,2
712,dest-0026,3
712,dest-0026,1
712,svc-act-04,3
712,svc-hotel-05,1
712,svc-hotel-03,2
712,svc-act-04,3
712,svc-cruise-01,5
712,dest-0026,2
712,svc-hotel-03,4
713,svc-hotel-01,2
713,svc-act-03,2
713,svc-act-05,3
713,dest-0051,3
714,dest-0017,1
714,svc-hotel-02,3
714,svc-act-01,1
714,dest-0026,1
714,svc-act-04,3
714,dest-0057,2
714,dest-0059,2
714,svc-act-09,3
714,dest-0043,3
714,dest-0003,1
715,dest-0012,2
715,svc-act-10,1
715,svc-hotel-01,2
715,svc-cruise-02,2
715,svc-hotel-04,3
716,svc-act-07,1
716,svc-act-02,1
716,svc-act-03,2
716,svc-act-08,5
717,svc-hotel-06,3
717,dest-0054,2
717,svc-hotel-02,3
717,dest-0023,1
717,svc-hotel-01,4
718,dest-0007,3
718,svc-hotel-06,3
718,dest-0059,3
718,dest-0036,2
718,svc-hotel-01,4
718,svc-pkg-05,1
718,dest-0057,2
718,svc-hotel-02,2
718,dest-0017,2
718,svc-hotel-01,4
718,dest-0054,3
718,svc-hotel-02,1
718,svc-act-03,2
719,dest-0039,2
719,dest-0040,1
719,dest-0026,2
719,svc-pkg-02,5
720,dest-0040,3
720,dest-0023,2
720,svc-act-07,1
720,svc-act-02,4
720,dest-0036,2
720,dest-0045,1
720,dest-0012,1
720,dest-0025,1
720,svc-act-06,2
720,svc-pkg-04,3
720,svc-act-05,2
720,dest-0022,2
720,svc-pkg-02,2
720,svc-act-09,1
720,dest-0027,2
720,dest-0060,3
720,dest-0050,2
720,svc-act-02,5
720,dest-0047,1
720,svc-act-07,3
720,svc-xfer-01,1
720,svc-hotel-03,1
720,dest-0028,2
720,svc-pkg-04,4
720,dest-0052,2
720,dest-0013,1
720,dest-0039,2
720,svc-hotel-02,1
720,svc-hotel-01,2
721,svc-xfer-02,2
721,svc-act-01,3
721,dest-0059,1
721,dest-0056,3
721,svc-pkg-05,1
721,svc-xfer-01,3
721,svc-xfer-01,1
721,dest-0032,2
721,svc-hotel-01,1
722,svc-pkg-06,1
722,svc-hotel-03,3
722,svc-hotel-03,2
722,dest-0026,3
722,dest-0005,2
722,dest-0013,3
722,dest-0031,3
722,dest-0026,2
722,dest-0039,1
722,dest-0030,3
722,svc-pkg-03,1
722,svc-hotel-03,2
723,svc-cruise-03,1
723,svc-cruise-01,4
723,svc-act-10,2
723,svc-cruise-03,2
723,svc-act-03,2
723,svc-cruise-04,4
723,svc-act-05,2
723,svc-act-06,2
723,dest-0008,2
723,svc-cruise-02,2
723,svc-hotel-04,2
723,svc-hotel-07,2
724,svc-act-05,3
724,svc-hotel-04,3
724,dest-0001,4
724,dest-0033,1
724,svc-act-05,5
724,svc-hotel-04,2
724,svc-act-05,4
725,dest-0005,1
725,svc-pkg-05,3
725,dest-0057,1
725,svc-hotel-01,4
726,svc-act-01,2
726,svc-act-03,3
726,svc-act-07,3
726,svc-act-06,3
726,dest-0056,3
726,dest-0027,1
727,svc-hotel-06,2
727,svc-hotel-01,4
727,svc-hotel-01,4
727,dest-0053,1
727,svc-cruise-03,1
727,svc-pkg-03,1
728,svc-xfer-02,1
728,svc-act-08,5
728,dest-0025,1
729,dest-0050,2
729,svc-hotel-02,1
729,svc-cruise-01,2
729,svc-act-05,1
729,dest-0029,4
729,svc-hotel-03,1
729,svc-hotel-03,4
729,svc-act-04,2
729,dest-0013,2
729,svc-act-04,4
730,svc-act-05,3
730,svc-act-05,4
730,svc-pkg-06,4
731,dest-0054,2
731,svc-hotel-06,1
731,dest-0052,1
731,svc-hotel-03,1
732,dest-0021,3
732,svc-cruise-03,2
732,dest-0041,1
732,svc-cruise-04,4
733,svc-hotel-01,3
733,svc-cruise-04,3
733,svc-act-03,2
733,svc-cruise-04,2
733,svc-cruise-03,3
733,dest-0003,1
734,svc-hotel-06,2
734,svc-act-02,3
734,dest-0039,1
734,svc-pkg-01,3
734,svc-pkg-06,1
734,dest-0054,2
734,dest-0051,1
734,svc-hotel-08,1
734,svc-act-07,1
735,svc-act-10,2
735,svc-hotel-07,3
735,svc-hotel-08,2
735,dest-0049,3
735,svc-hotel-08,1
735,dest-0007,1
736,dest-0035,1
736,svc-act-09,1
736,svc-act-03,4
736,svc-pkg-01,1
736,dest-0006,1
736,svc-act-09,2
736,dest-0060,3
736,svc-act-09,3
736,svc-xfer-01,1
737,svc-cruise-01,3
737,dest-0055,1
737,svc-cruise-03,3
737,svc-cruise-02,1
737,svc-act-03,2
737,svc-act-07,3
737,svc-cruise-03,2
737,dest-0053,3
737,svc-hotel-01,3
737,svc-cruise-01,1
737,svc-hotel-02,3
737,dest-0017,2
737,svc-hotel-03,3
737,svc-cruise-03,1
737,svc-cruise-04,2
737,svc-cruise-01,2
737,svc-cruise-04,3
737,svc-hotel-06,3
737,svc-act-10,2
737,svc-hotel-03,3
737,dest-0022,2
737,svc-hotel-04,1
737,dest-0013,2
737,svc-pkg-02,5
737,dest-0011,1
737,svc-pkg-02,4
737,svc-hotel-08,1
737,dest-0046,2
738,svc-act-10,1
738,svc-act-02,2
738,svc-xfer-01,3
738,svc-act-06,3
738,dest-0028,2
738,dest-0007,3
738,svc-pkg-04,4
738,svc-hotel-04,1
738,svc-act-06,2
738,dest-0058,1
738,dest-0025,3
738,svc-pkg-04,4
738,dest-0024,2
738,svc-pkg-04,4
738,dest-0052,2
738,svc-pkg-04,4
738,svc-act-08,2
738,svc-xfer-01,1
738,dest-0033,3
738,dest-0046,3
738,svc-hotel-06,1
738,dest-0034,1
739,svc-cruise-03,1
739,svc-cruise-03,2
739,svc-act-04,2
739,svc-xfer-01,2
739,svc-hotel-01,1
739,svc-cruise-02,1
739,svc-act-03,1
739,dest-0029,1
739,dest-0021,2
739,svc-act-04,2
739,svc-xfer-02,2
739,svc-hotel-01,3
739,svc-act-10,1
739,dest-0026,2
739,svc-cruise-01,5
739,svc-cruise-01,4
739,svc-hotel-06,2
739,svc-act-10,3
740,svc-hotel-05,1
740,svc-act-10,3
740,svc-act-04,4
740,svc-act-04,3
740,dest-0031,3
741,svc-act-06,3
741,svc-act-06,3
741,svc-act-10,2
741,svc-hotel-02,2
741,dest-0056,1
742,dest-0013,3
742,svc-act-09,3
742,svc-hotel-08,1
742,svc-hotel-01,2
742,dest-0024,3
742,svc-pkg-03,1
742,svc-act-04,2
742,svc-hotel-04,1
742,svc-hotel-05,1
742,svc-pkg-04,1
742,svc-hotel-04,2
742,svc-pkg-05,3
742,dest-0057,2
742,dest-0012,2
742,svc-act-03,5
742,svc-pkg-05,2
742,svc-act-09,2
742,svc-act-03,5
742,svc-hotel-03,1
742,svc-pkg-06,2
742,svc-hotel-02,2
742,svc-pkg-01,3
742,dest-0042,3
742,svc-pkg-02,1
742,svc-pkg-01,1
742,dest-0025,1
742,dest-0018,2
742,dest-0023,3
742,svc-hotel-03,2
742,svc-hotel-06,3
742,svc-pkg-03,2
742,svc-act-03,5
742,svc-xfer-01,2
742,dest-0044,3
742,dest-0036,2
742,dest-0018,3
742,svc-pkg-03,2
742,svc-hotel-07,1
742,svc-act-06,1
743,dest-0001,2
743,svc-act-04,3
743,svc-cruise-02,3
743,svc-act-08,1
743,svc-act-03,1
743,svc-act-10,1
743,svc-pkg-01,1
743,dest-0018,1
743,svc-cruise-01,1
743,svc-cruise-03,2
744,svc-hotel-03,5
744,dest-0052,1
744,dest-0058,1
744,svc-hotel-06,3
744,svc-act-08,3
745,svc-pkg-06,3
745,svc-hotel-02,1
745,svc-act-01,3
745,svc-act-05,3
745,svc-pkg-04,1
745,svc-hotel-03,2
745,svc-act-09,1
745,svc-hotel-04,1
746,dest-0049,3
746,dest-0049,3
746,svc-hotel-03,2
746,svc-hotel-03,1
746,svc-pkg-06,2
746,svc-hotel-06,2
746,dest-0007,2
746,svc-hotel-03,3
746,dest-0026,3
746,dest-0029,1
746,dest-0014,3
746,svc-hotel-01,2
746,svc-hotel-03,2
746,dest-0008,1
746,svc-act-08,3
746,dest-0050,3
746,svc-cruise-01,2
746,dest-0047,1
746,svc-act-07,2
746,dest-0029,2
746,dest-0033,1
746,dest-0057,2
746,dest-0003,2
747,dest-0031,2
747,svc-hotel-06,2
747,svc-hotel-06,2
747,svc-act-05,1
747,svc-pkg-03,1
747,svc-pkg-05,1
747,svc-act-08,2
748,svc-hotel-03,4
748,svc-act-02,1
748,svc-act-07,3
748,dest-0009,2
748,svc-hotel-03,5
748,dest-0048,1
748,svc-hotel-01,1
748,svc-xfer-03,1
748,svc-hotel-03,4
748,svc-hotel-01,3
749,svc-cruise-01,4
749,svc-cruise-04,3
749,dest-0041,1
749,svc-cruise-02,3
749,dest-0036,1
749,dest-0043,2
750,svc-pkg-04,5
750,svc-act-02,5
750,svc-act-04,1
751,svc-hotel-04,2
751,dest-0057,1
751,svc-act-07,2
751,svc-act-01,2
751,dest-0017,1
751,dest-0007,1
751,svc-xfer-01,2
751,dest-0060,2
751,svc-hotel-04,2
751,svc-pkg-06,3
751,svc-act-01,4
751,svc-pkg-06,3
751,dest-0042,1
751,dest-0005,1
751,svc-act-02,1
752,svc-hotel-02,2
752,svc-act-01,2
752,svc-hotel-05,5
752,svc-hotel-05,5
752,svc-xfer-01,2
753,dest-0033,1
753,dest-0050,1
753,svc-pkg-04,3
754,svc-hotel-02,2
754,svc-xfer-02,2
754,svc-pkg-05,4
754,dest-0024,2
754,svc-pkg-01,1
754,svc-hotel-01,2
754,dest-0058,2
755,svc-cruise-03,1
755,svc-act-10,2
755,svc-cruise-02,2
755,svc-act-10,2
755,svc-act-04,3
755,svc-hotel-06,3
755,svc-hotel-07,3
756,svc-cruise-01,2
756,svc-hotel-01,3
756,svc-cruise-02,3
756,svc-cruise-02,3
756,svc-cruise-04,1
756,svc-cruise-02,3
757,svc-cruise-01,5
757,svc-xfer-03,2
757,svc-hotel-05,2
757,svc-cruise-04,3
757,dest-0032,2
757,svc-hotel-02,3
757,svc-cruise-02,2
757,dest-0050,1
757,dest-0016,1
757,svc-cruise-02,2
757,dest-0002,1
757,svc-cruise-03,3
757,dest-0053,2
757,dest-0042,1
757,svc-cruise-04,3
757,dest-0048,3
757,svc-cruise-03,2
757,svc-xfer-03,3
757,svc-xfer-02,1
757,svc-cruise-04,4
757,svc-act-06,1
757,svc-cruise-04,3
758,dest-0013,2
758,dest-0049,3
758,dest-0031,2
758,dest-0013,2
758,dest-0050,2
759,svc-cruise-01,4
759,svc-cruise-02,2
759,svc-act-03,2
760,svc-hotel-05,3
760,dest-0029,1
760,svc-hotel-03,3
760,dest-0042,1
760,svc-hotel-01,1
760,svc-hotel-01,3
760,svc-hotel-08,1
760,svc-hotel-05,5
760,svc-pkg-02,2
760,svc-hotel-06,1
760,svc-hotel-02,3
760,dest-0016,1
760,svc-hotel-02,3
760,svc-xfer-02,2
760,dest-0050,1
760,dest-0013,1
760,dest-0007,3
760,dest-0040,1
760,svc-hotel-02,2
760,dest-0008,3
760,svc-pkg-02,1
760,svc-act-03,3
760,dest-0015,3
761,svc-pkg-04,4
761,svc-act-10,1
761,dest-0052,2
762,svc-act-09,3
762,dest-0018,3
762,svc-pkg-06,2
762,dest-0005,1
762,svc-hotel-03,2
762,svc-hotel-04,4
762,svc-act-10,1
763,dest-0019,3
763,svc-pkg-05,1
763,svc-pkg-06,2
763,svc-act-01,5
763,dest-0026,2
763,dest-0004,3
763,svc-xfer-02,1
763,svc-act-03,1
763,dest-0003,3
763,svc-xfer-01,1
763,svc-xfer-03,1
763,svc-act-05,4
763,svc-hotel-04,2
763,svc-hotel-04,1
763,svc-hotel-02,2
763,svc-hotel-04,2
763,dest-0055,2
763,svc-act-05,4
763,dest-0029,2
763,svc-act-01,2
763,dest-0030,1
763,dest-0051,1
763,svc-pkg-06,3
763,svc-hotel-03,1
763,svc-act-10,2
764,dest-0005,2
764,dest-0044,3
764,dest-0010,1
764,svc-hotel-05,1
764,svc-hotel-07,1
764,svc-act-01,1
764,svc-xfer-03,2
764,svc-xfer-02,2
764,svc-hotel-03,5
764,svc-pkg-02,5
764,svc-hotel-02,1
764,svc-pkg-02,5
765,svc-cruise-01,5
765,svc-cruise-04,5
766,svc-hotel-01,4
766,svc-hotel-06,4
766,dest-0027,2
766,dest-0012,2
766,dest-0017,3
766,dest-0035,1
766,dest-0008,2
766,svc-cruise-03,2
766,svc-cruise-04,1
766,svc-pkg-03,2
766,svc-hotel-06,2
767,svc-cruise-02,2
767,svc-hotel-03,4
767,svc-hotel-06,5
767,svc-cruise-04,4
767,svc-act-04,1
767,svc-cruise-04,1
767,svc-act-08,2
767,svc-cruise-02,2
767,svc-pkg-02,3
767,dest-0015,2
767,svc-act-05,2
767,svc-cruise-02,1
767,svc-act-01,2
767,svc-hotel-01,3
767,svc-act-02,1
767,svc-act-04,3
767,svc-hotel-06,1
767,svc-cruise-01,3
767,svc-act-06,1
767,svc-cruise-03,2
767,svc-hotel-08,2
767,svc-act-03,2
767,dest-0034,1
767,svc-cruise-01,1
767,svc-cruise-03,2
767,svc-cruise-03,4
767,svc-act-07,2
767,dest-0027,1
767,dest-0046,2
767,svc-hotel-06,3
767,svc-act-01,1
768,svc-act-09,2
768,dest-0028,2
768,dest-0009,3
769,dest-0003,1
769,svc-xfer-03,1
769,svc-hotel-03,4
769,dest-0013,1
769,svc-hotel-04,1
769,svc-hotel-03,5
770,svc-cruise-04,2
770,svc-cruise-03,4
770,svc-act-08,3
770,svc-act-05,1
771,svc-pkg-06,1
771,svc-act-02,5
771,svc-act-02,3
772,svc-act-09,2
772,svc-act-10,2
772,dest-0040,3
773,dest-0021,1
773,svc-pkg-05,4
773,dest-0025,3
773,svc-act-08,4
773,dest-0026,2
773,svc-act-08,5
773,dest-0051,1
773,dest-0017,3
773,svc-xfer-02,1
773,svc-act-05,1
774,dest-0060,2
774,svc-hotel-07,1
774,dest-0029,1
775,svc-xfer-02,2
775,svc-cruise-01,5
775,svc-hotel-02,1
776,svc-cruise-01,2
776,dest-0007,2
776,svc-hotel-01,5
777,svc-hotel-02,2
777,svc-act-08,5
777,svc-act-08,5
777,svc-hotel-07,2
777,svc-xfer-03,1
777,svc-pkg-06,1
777,dest-0042,2
778,svc-hotel-01,3
778,svc-cruise-03,3
778,svc-hotel-03,3
778,svc-cruise-03,2
779,svc-act-07,1
779,svc-hotel-01,3
779,svc-act-10,2
779,dest-0020,1
779,svc-hotel-03,5
779,dest-0047,1
779,svc-hotel-07,1
779,svc-hotel-06,4
779,svc-pkg-02,5
779,svc-xfer-02,2
779,dest-0058,3
780,svc-hotel-01,4
780,svc-cruise-01,2
780,dest-0050,1
780,dest-0018,2
781,svc-hotel-08,2
781,svc-pkg-02,4
781,svc-hotel-07,1
781,svc-xfer-01,1
781,dest-0043,1
781,dest-0055,3
781,svc-hotel-05,1
781,svc-act-06,1
781,svc-pkg-03,2
781,svc-pkg-03,1
781,svc-pkg-04,2
781,dest-0018,3
781,svc-hotel-03,4
781,svc-pkg-04,2
781,svc-act-04,2
781,svc-hotel-03,5
781,dest-0008,2
781,dest-0003,2
781,svc-act-04,3
781,dest-0004,1
781,svc-pkg-05,2
781,dest-0010,1
781,svc-act-07,2
781,svc-hotel-06,1
781,svc-hotel-04,3
781,svc-hotel-07,1
781,dest-0045,3
781,svc-xfer-01,1
781,svc-hotel-01,3
781,svc-act-02,2
781,svc-pkg-02,5
781,dest-0055,2
781,dest-0026,2
781,svc-act-08,2
781,svc-hotel-01,1
781,dest-0052,1
781,svc-act-02,2
781,dest-0031,1
781,svc-act-01,1
781,dest-0009,1
781,dest-0052,3
781,dest-0053,1
782,svc-hotel-06,1
782,svc-act-09,1
782,dest-0015,1
782,svc-hotel-01,5
782,dest-0048,1
783,svc-hotel-01,2
783,svc-act-09,2
783,svc-act-05,1
783,dest-0009,2
783,svc-hotel-03,2
783,svc-hotel-07,3
784,svc-act-09,1
784,svc-xfer-03,1
784,svc-cruise-03,1
784,svc-cruise-01,5
784,svc-xfer-02,1
784,svc-hotel-04,2
785,svc-cruise-04,2
785,svc-cruise-02,3
785,svc-hotel-01,1
785,svc-cruise-04,2
786,dest-0024,3
786,svc-pkg-05,2
786,svc-pkg-05,3
786,dest-0039,4
786,svc-act-08,4
786,svc-pkg-05,2
787,svc-pkg-02,5
787,svc-hotel-07,2
787,svc-act-05,1
787,svc-pkg-06,1
787,dest-0001,1
787,svc-hotel-01,3
787,svc-hotel-03,3
787,svc-act-03,2
787,svc-pkg-02,4
787,svc-act-06,1
787,svc-act-04,3
787,dest-0040,3
787,svc-act-03,2
787,svc-hotel-04,1
787,svc-hotel-03,3
787,dest-0019,2
787,svc-hotel-01,1
787,svc-xfer-02,2
787,svc-xfer-01,1
787,svc-pkg-02,5
787,svc-hotel-06,4
787,dest-0042,1
787,dest-0001,3
787,svc-act-09,3
787,svc-act-05,1
787,svc-pkg-03,1
787,dest-0012,2
787,dest-0057,2
787,svc-pkg-05,2
787,svc-act-08,1
787,svc-pkg-01,1
787,dest-0054,2
787,dest-0023,2
787,dest-0040,2
787,svc-act-07,2
787,svc-hotel-01,3
787,svc-act-02,2
788,dest-0011,3
788,dest-0022,3
788,svc-xfer-01,1
788,dest-0018,3
788,svc-hotel-05,1
788,dest-0026,2
788,svc-hotel-02,3
788,dest-0045,1
788,dest-0044,2
788,dest-0009,1
788,dest-0015,2
789,dest-0017,2
789,svc-pkg-02,4
789,svc-hotel-08,1
789,svc-cruise-04,2
789,dest-0024,1
789,svc-cruise-01,1
790,svc-act-01,4
790,dest-0019,1
790,dest-0035,1
790,svc-act-06,1
790,dest-0040,2
790,svc-hotel-04,1
791,svc-hotel-06,2
791,svc-xfer-01,2
791,svc-xfer-03,3
791,svc-xfer-01,1
791,svc-cruise-04,4
791,svc-hotel-02,1
791,svc-act-02,2
791,dest-0045,2
791,svc-cruise-02,2
791,svc-cruise-04,3
791,svc-cruise-02,2
791,svc-xfer-02,1
792,svc-pkg-05,2
792,dest-0052,3
792,svc-hotel-02,1
792,svc-act-09,1
793,svc-act-08,1
793,dest-0006,1
793,svc-hotel-03,4
793,svc-cruise-01,2
793,svc-hotel-01,3
793,svc-hotel-06,4
793,svc-cruise-03,2
793,svc-cruise-02,3
793,svc-act-05,2
793,dest-0037,2
793,svc-hotel-06,3
793,dest-0018,1
793,svc-act-03,1
793,svc-pkg-02,2
793,dest-0017,2
793,svc-act-09,3
793,dest-0023,1
794,svc-act-07,1
794,svc-cruise-04,4
794,svc-act-05,2
794,dest-0058,2
794,svc-cruise-02,3
795,dest-0040,3
795,svc-xfer-01,1
795,svc-pkg-04,5
795,svc-hotel-06,1
795,svc-act-05,3
795,svc-hotel-02,2
795,svc-pkg-02,1
795,svc-act-02,5
795,dest-0014,2
795,svc-xfer-02,3
796,svc-act-10,2
796,svc-act-10,1
796,svc-hotel-05,5
796,dest-0049,1
796,dest-0008,1
797,svc-act-02,5
797,svc-act-02,4
797,svc-hotel-06,1
797,svc-pkg-04,5
797,dest-0047,3
797,dest-0039,1
797,dest-0028,1
797,svc-act-10,1
798,svc-hotel-01,3
798,svc-hotel-04,2
798,svc-act-04,2
798,svc-hotel-05,2
798,svc-hotel-02,1
799,svc-act-08,5
799,svc-hotel-02,1
799,svc-act-07,2
799,svc-hotel-08,1
799,svc-act-06,2
799,svc-act-08,4
799,svc-act-08,5
799,svc-pkg-01,1
799,dest-0057,2
799,dest-0034,1
799,dest-0053,3
799,svc-xfer-02,1
799,svc-act-07,2
799,svc-hotel-01,2
799,svc-pkg-05,3
799,svc-pkg-05,1
799,svc-xfer-01,1
799,svc-xfer-03,1
799,svc-pkg-04,1
799,svc-pkg-03,2
799,dest-0036,1
799,svc-hotel-01,3
799,dest-0020,2
799,svc-hotel-01,2
799,svc-act-08,5
799,svc-act-05,1
799,dest-0040,1
799,dest-0042,1
799,svc-hotel-03,2
799,svc-xfer-03,2
799,dest-0051,2
800,svc-hotel-05,1
800,svc-pkg-04,3
800,svc-act-09,2
800,svc-act-02,4
800,svc-act-06,2
800,svc-xfer-03,3
800,svc-act-10,1
3,dest-0021,5
6,dest-0056,4
6,dest-0020,5
6,dest-0032,3
6,dest-0055,5
6,dest-0012,5
6,dest-0025,4
7,dest-0019,5
12,dest-0053,5
13,dest-0015,4
13,dest-0040,4
18,dest-0059,5
19,dest-0005,4
20,dest-0006,3
27,dest-0014,3
29,dest-0058,4
29,dest-0060,4
29,dest-0052,5
29,dest-0028,4
30,dest-0038,3
31,dest-0055,3
31,dest-0013,5
31,dest-0001,3
31,dest-0011,3
31,dest-0004,5
31,dest-0057,3
32,dest-0014,5
35,dest-0004,5
36,dest-0030,4
36,dest-0039,4
36,dest-0042,4
37,dest-0016,5
39,dest-0019,3
39,dest-0042,4
41,dest-0013,3
41,dest-0008,4
42,dest-0042,3
42,dest-0024,3
42,dest-0006,3
42,dest-0049,3
42,dest-0037,4
43,dest-0025,5
46,dest-0041,4
46,dest-0037,3
46,dest-0040,4
46,dest-0002,4
46,dest-0036,5
46,dest-0012,3
46,dest-0015,5
48,dest-0004,3
48,dest-0035,4
49,dest-0014,5
49,dest-0027,4
51,dest-0034,4
52,dest-0010,3
52,dest-0031,3
52,dest-0032,4
52,dest-0052,5
53,dest-0034,3
54,dest-0047,3
54,dest-0021,3
54,dest-0060,4
55,dest-0029,3
56,dest-0002,4
56,dest-0001,3
56,dest-0038,3
56,dest-0009,5
58,dest-0035,3
58,dest-0014,4
59,dest-0039,4
59,dest-0038,3
59,dest-0007,3
59,dest-0029,3
59,dest-0008,5
59,dest-0028,4
60,dest-0056,4
60,dest-0049,5
60,dest-0026,5
62,dest-0014,4
63,dest-0024,5
63,dest-0030,5
65,dest-0058,3
65,dest-0051,4
67,dest-0005,4
68,dest-0016,4
68,dest-0045,3
68,dest-0034,5
70,dest-0028,5
70,dest-0021,4
70,dest-0060,3
70,dest-0004,3
70,dest-0058,4
72,dest-0020,4
72,dest-0053,5
74,dest-0050,5
75,dest-0002,4
78,dest-0055,5
79,dest-0027,5
80,dest-0059,4
80,dest-0041,3
80,dest-0058,5
80,dest-0034,3
86,dest-0045,3
86,dest-0056,3
87,dest-0041,3
87,dest-0039,3
87,dest-0002,3
87,dest-0022,4
87,dest-0008,3
87,dest-0034,5
88,dest-0027,5
88,dest-0010,3
91,dest-0041,3
91,dest-0006,5
93,dest-0041,4
93,dest-0049,3
93,dest-0040,3
93,dest-0036,4
93,dest-0033,4
94,dest-0060,4
94,dest-0003,3
94,dest-0055,4
95,dest-0009,5
95,dest-0032,3
97,dest-0009,4
99,dest-0013,5
99,dest-0049,3
100,dest-0041,5
101,dest-0033,3
103,dest-0057,4
104,dest-0038,4
104,dest-0031,5
104,dest-0037,5
106,dest-0057,5
109,dest-0052,4
109,dest-0021,5
109,dest-0030,4
109,dest-0018,4
110,dest-0022,3
110,dest-0023,4
110,dest-0039,3
113,dest-0030,5
113,dest-0033,3
113,dest-0056,4
113,dest-0005,3
113,dest-0039,4
114,dest-0016,5
114,dest-0055,5
116,dest-0012,4
118,dest-0037,4
121,dest-0028,5
121,dest-0030,4
122,dest-0023,3
122,dest-0007,4
122,dest-0055,5
123,dest-0004,3
125,dest-0017,3
125,dest-0003,5
125,dest-0059,5
125,dest-0050,5
125,dest-0060,4
126,dest-0001,3
126,dest-0010,3
126,dest-0002,3
127,dest-0060,5
128,dest-0053,4
129,dest-0052,3
129,dest-0004,5
129,dest-0001,4
131,dest-0049,5
131,dest-0009,5
134,dest-0017,3
134,dest-0006,4
134,dest-0009,4
134,dest-0038,5
135,dest-0043,4
136,dest-0048,3
136,dest-0050,3
136,dest-0056,3
137,dest-0011,5
138,dest-0030,4
138,dest-0048,5
138,dest-0054,5
138,dest-0050,4
138,dest-0046,4
